id,buildingSubtype,buildingType,isNewConstruction,price,rawPrice,reducedPrice,country,regionLevel1,regionLevel2,province,municipality,district,neighborhood,zipCode,latitude,longitude,accuracy,bathrooms,conservationState,floor,air_conditioner,heating,elevator,balcony,rooms,surface,heater,terrace,parking,swimming_pool
162764249,Flat,Flat,False,795.000 €,795000,,España,Madrid,Madrid,Madrid, Madrid Capital,Retiro,Pacífico,28007,40.4066,-3.679014,0,2.0,1.0,6.0,1.0,1.0,1.0,1.0,3.0,155.0,,,,
161296979,Flat,Flat,False,465.000 €,465000,15.000 €,España,Madrid,Madrid,Madrid, Madrid Capital,Retiro,Ibiza de Madrid,28009,40.41702,-3.675816,0,1.0,1.0,11.0,,1.0,1.0,,3.0,81.0,,,,
156565030,Flat,Flat,False,715.000 €,715000,,España,Madrid,Madrid,Madrid, Madrid Capital,Retiro,Ibiza de Madrid,28009,40.41778,-3.673187,0,2.0,1.0,8.0,1.0,,1.0,,2.0,112.0,1.0,1.0,,
163151145,Flat,Flat,False,495.000 €,495000,,España,Madrid,Madrid,Madrid, Madrid Capital,Retiro,Ibiza de Madrid,28009,40.41601,-3.67523,1,1.0,4.0,6.0,,,1.0,,4.0,98.0,1.0,,,
163104154,Flat,Flat,False,750.000 €,750000,,España,Madrid,Madrid,Madrid, Madrid Capital,Retiro,Adelfas,28007,40.40199,-3.673433,0,2.0,1.0,7.0,1.0,,1.0,,4.0,150.0,1.0,,1.0,
162444754,Flat,Flat,False,930.000 €,930000,20.000 €,España,Madrid,Madrid,Madrid, Madrid Capital,Retiro,Pacífico,28007,40.40078,-3.680823,0,3.0,,6.0,,,1.0,,6.0,245.0,1.0,1.0,1.0,
162995892,Duplex,Flat,False,1.275.000 €,1275000,,España,Madrid,Madrid,Madrid, Madrid Capital,Retiro,Niño Jesús,28007,40.41036,-3.671102,0,4.0,1.0,12.0,,,1.0,,5.0,260.0,1.0,,1.0,
162845534,Flat,Flat,False,483.000 €,483000,12.000 €,España,Madrid,Madrid,Madrid, Madrid Capital,Retiro,Niño Jesús,28007,40.40716,-3.674164,0,2.0,1.0,11.0,,,1.0,,4.0,112.0,1.0,1.0,,
160976238,Flat,Flat,False,1.980.000 €,1980000,220.000 €,España,Madrid,Madrid,Madrid, Madrid Capital,Retiro,Jerónimos,28014,40.4181,-3.694093,0,4.0,,7.0,1.0,,1.0,,3.0,232.0,1.0,,,
162138491,Flat,Flat,False,1.500.000 €,1500000,,España,Madrid,Madrid,Madrid, Madrid Capital,Retiro,Jerónimos,28014,40.40689,-3.688329,0,2.0,4.0,,1.0,,1.0,1.0,3.0,249.0,1.0,,,
162764533,Flat,Flat,False,365.000 €,365000,,España,Madrid,Madrid,Madrid, Madrid Capital,Retiro,Estrella,28007,40.40921,-3.671087,0,1.0,3.0,12.0,,,1.0,,3.0,85.0,1.0,,,
160798071,Flat,Flat,False,479.000 €,479000,20.000 €,España,Madrid,Madrid,Madrid, Madrid Capital,Retiro,Ibiza de Madrid,28007,40.41829,-3.668984,0,2.0,,,,,1.0,,4.0,121.0,1.0,,,
162998139,Flat,Flat,False,294.000 €,294000,,España,Madrid,Madrid,Madrid, Madrid Capital,Retiro,Pacífico,28007,40.4056,-3.680201,0,1.0,,,,,1.0,,2.0,51.0,1.0,,,
162998141,Flat,Flat,False,214.900 €,214900,,España,Madrid,Madrid,Madrid, Madrid Capital,Retiro,Pacífico,28007,40.40469,-3.680256,0,1.0,,,1.0,,,,1.0,32.0,,1.0,,
163159762,Flat,Flat,False,277.000 €,277000,,España,Madrid,Madrid,Madrid, Madrid Capital,Retiro,Estrella,28007,40.40887,-3.663939,0,2.0,,8.0,1.0,,1.0,,2.0,145.0,1.0,,,
162553946,Flat,Flat,False,1.058.000 €,1058000,,España,Madrid,Madrid,Madrid, Madrid Capital,Retiro,Estrella,28007,40.4208,-3.668845,0,2.0,,11.0,1.0,,1.0,,3.0,174.0,,1.0,1.0,
163087248,Flat,Flat,False,1.360.000 €,1360000,,España,Madrid,Madrid,Madrid, Madrid Capital,Retiro,Jerónimos,28014,40.41576,-3.691074,0,2.0,,7.0,,,1.0,,2.0,125.0,1.0,,,
155824237,Flat,Flat,False,1.350.000 €,1350000,200.000 €,España,Madrid,Madrid,Madrid, Madrid Capital,Retiro,Ibiza de Madrid,28009,40.41484,-3.678112,0,3.0,3.0,6.0,,,1.0,,4.0,181.0,,,1.0,
161999134,Attic,Flat,False,2.100.000 €,2100000,,España,Madrid,Madrid,Madrid, Madrid Capital,Retiro,Jerónimos,28014,40.41865,-3.692178,0,4.0,,11.0,1.0,,1.0,,3.0,235.0,1.0,1.0,1.0,
162939419,Flat,Flat,False,449.000 €,449000,,España,Madrid,Madrid,Madrid, Madrid Capital,Retiro,Ibiza de Madrid,28009,40.41896,-3.67468,1,1.0,1.0,8.0,,,1.0,,2.0,79.0,1.0,,,
162843627,Attic,Flat,False,2.500.000 €,2500000,,España,Madrid,Madrid,Madrid, Madrid Capital,Retiro,Jerónimos,28014,40.41507,-3.690137,0,5.0,,10.0,1.0,,1.0,,5.0,280.0,1.0,1.0,,
162665122,Duplex,Flat,False,675.000 €,675000,,España,Madrid,Madrid,Madrid, Madrid Capital,Retiro,Pacífico,28007,40.40348,-3.678288,0,3.0,1.0,3.0,1.0,,1.0,,4.0,204.0,1.0,,,
162444479,Flat,Flat,False,295.000 €,295000,25.000 €,España,Madrid,Madrid,Madrid, Madrid Capital,Retiro,Pacífico,28007,40.40494,-3.678527,0,2.0,1.0,,,,,,2.0,79.0,1.0,,,
162721887,Flat,Flat,False,2.100.000 €,2100000,,España,Madrid,Madrid,Madrid, Madrid Capital,Retiro,Jerónimos,28014,40.41355,-3.690122,0,3.0,2.0,10.0,1.0,,1.0,,4.0,231.0,1.0,,1.0,
162443851,Flat,Flat,False,1.500.000 €,1500000,,España,Madrid,Madrid,Madrid, Madrid Capital,Retiro,Jerónimos,28014,40.41347,-3.690841,0,2.0,2.0,8.0,1.0,,1.0,,2.0,154.0,1.0,1.0,,
162306737,Flat,Flat,False,330.000 €,330000,15.000 €,España,Madrid,Madrid,Madrid, Madrid Capital,Retiro,Estrella,28007,40.41046,-3.669163,0,1.0,,7.0,,,1.0,,3.0,90.0,1.0,,,
162035933,Flat,Flat,False,780.000 €,780000,,España,Madrid,Madrid,Madrid, Madrid Capital,Retiro,Estrella,28007,40.41961,-3.66683,0,2.0,2.0,6.0,1.0,,,,4.0,240.0,1.0,1.0,,
162444700,Flat,Flat,False,1.490.000 €,1490000,60.000 €,España,Madrid,Madrid,Madrid, Madrid Capital,Retiro,Niño Jesús,28007,40.41265,-3.672363,0,2.0,3.0,10.0,1.0,,1.0,,3.0,198.0,1.0,,1.0,
161738518,Flat,Flat,False,469.000 €,469000,29.000 €,España,Madrid,Madrid,Madrid, Madrid Capital,Retiro,Estrella,28007,40.40699,-3.668924,0,2.0,2.0,11.0,1.0,,1.0,,3.0,118.0,1.0,,,
162706341,Attic,Flat,False,710.000 €,710000,20.000 €,España,Madrid,Madrid,Madrid, Madrid Capital,Retiro,Ibiza de Madrid,28009,40.41785,-3.674936,0,2.0,1.0,,1.0,,1.0,,2.0,109.0,1.0,1.0,,
163074432,Flat,Flat,False,694.000 €,694000,,España,Madrid,Madrid,Madrid, Madrid Capital,Retiro,Estrella,28007,40.41765,-3.661694,0,3.0,2.0,19.0,1.0,1.0,1.0,,4.0,150.0,,1.0,,
161191951,Flat,Flat,False,447.000 €,447000,13.000 €,España,Madrid,Madrid,Madrid, Madrid Capital,Retiro,Pacífico,28007,40.40477,-3.672967,0,2.0,,8.0,,1.0,1.0,,4.0,104.0,,1.0,,
163130379,Flat,Flat,False,694.000 €,694000,,España,Madrid,Madrid,Madrid, Madrid Capital,Retiro,Estrella,28007,40.41655,-3.662496,0,3.0,2.0,19.0,1.0,,1.0,,4.0,150.0,1.0,1.0,,
163115695,Flat,Flat,False,499.000 €,499000,,España,Madrid,Madrid,Madrid, Madrid Capital,Retiro,Pacífico,28014,40.40524,-3.682436,0,2.0,1.0,6.0,1.0,,1.0,,3.0,151.0,1.0,,,
163065720,Flat,Flat,False,350.000 €,350000,,España,Madrid,Madrid,Madrid, Madrid Capital,Retiro,Pacífico,28007,40.40388,-3.679338,1,1.0,3.0,6.0,1.0,,1.0,,5.0,83.0,1.0,,,
163006378,Flat,Flat,False,890.000 €,890000,,España,Madrid,Madrid,Madrid, Madrid Capital,Retiro,Jerónimos,28014,40.41315,-3.689977,0,2.0,,,,,1.0,,2.0,142.0,1.0,,,
161721946,Flat,Flat,False,432.000 €,432000,28.000 €,España,Madrid,Madrid,Madrid, Madrid Capital,Retiro,Ibiza de Madrid,28009,40.41763,-3.675761,0,2.0,,,,,1.0,,3.0,90.0,1.0,1.0,,
162972503,Flat,Flat,False,499.900 €,499900,,España,Madrid,Madrid,Madrid, Madrid Capital,Retiro,Pacífico,28007,40.40695,-3.674881,0,2.0,4.0,5.0,,,1.0,,5.0,156.0,,1.0,,
162924231,Flat,Flat,False,145.000 €,145000,10.000 €,España,Madrid,Madrid,Madrid, Madrid Capital,Retiro,Pacífico,28007,40.40458,-3.677713,0,1.0,,8.0,,,1.0,,2.0,38.0,,,,
162362296,Flat,Flat,False,2.695.000 €,2695000,,España,Madrid,Madrid,Madrid, Madrid Capital,Retiro,Jerónimos,28014,40.41835,-3.689953,0,4.0,,6.0,,,,,6.0,273.0,,,,
162798537,Flat,Flat,False,799.000 €,799000,,España,Madrid,Madrid,Madrid, Madrid Capital,Retiro,Ibiza de Madrid,28009,40.41818,-3.675513,0,2.0,1.0,7.0,1.0,,1.0,,3.0,133.0,1.0,,,
158460913,Flat,Flat,False,440.000 €,440000,,España,Madrid,Madrid,Madrid, Madrid Capital,Retiro,Pacífico,28007,40.40468,-3.681901,1,2.0,,,,,,,3.0,150.0,,,,
162061630,Flat,Flat,False,695.000 €,695000,,España,Madrid,Madrid,Madrid, Madrid Capital,Retiro,Pacífico,28007,40.40588,-3.679856,0,3.0,,8.0,1.0,,1.0,1.0,3.0,165.0,1.0,,,
161244264,Flat,Flat,False,400.000 €,400000,,España,Madrid,Madrid,Madrid, Madrid Capital,Retiro,Ibiza de Madrid,28009,40.41814,-3.671953,0,1.0,,11.0,1.0,,1.0,,2.0,90.0,1.0,,,
163128679,Flat,Flat,False,475.000 €,475000,,España,Madrid,Madrid,Madrid, Madrid Capital,Retiro,Ibiza de Madrid,28009,40.41837,-3.67436,0,1.0,1.0,4.0,,,,,2.0,77.0,1.0,,,
163044436,Flat,Flat,False,290.000 €,290000,,España,Madrid,Madrid,Madrid, Madrid Capital,Retiro,Pacífico,28007,40.40499,-3.67563,0,1.0,3.0,11.0,1.0,,1.0,,2.0,65.0,1.0,1.0,,
163013608,Flat,Flat,False,280.000 €,280000,,España,Madrid,Madrid,Madrid, Madrid Capital,Retiro,Estrella,28007,40.40736,-3.668687,0,1.0,3.0,6.0,1.0,,,,3.0,82.0,1.0,1.0,,
161262169,Attic,Flat,False,749.000 €,749000,,España,Madrid,Madrid,Madrid, Madrid Capital,Retiro,Ibiza de Madrid,28009,40.41673,-3.672522,0,2.0,3.0,12.0,,,1.0,,2.0,85.0,1.0,1.0,,
163162624,Flat,Flat,False,550.000 €,550000,,España,Madrid,Madrid,Madrid, Madrid Capital,Retiro,Pacífico,28007,40.40621,-3.678044,0,2.0,2.0,10.0,1.0,,1.0,1.0,3.0,110.0,1.0,,1.0,
163125689,Apartment,Flat,False,2.550.000 €,2550000,,España,Madrid,Madrid,Madrid, Madrid Capital,Retiro,Jerónimos,28014,40.41748,-3.69033,1,4.0,,,1.0,,1.0,,3.0,233.0,,,,1.0
163061341,Flat,Flat,False,420.000 €,420000,,España,Madrid,Madrid,Madrid, Madrid Capital,Retiro,Pacífico,28007,40.40488,-3.675472,0,2.0,4.0,6.0,,,1.0,,4.0,104.0,1.0,,,
162992708,Apartment,Flat,False,975.000 €,975000,125.000 €,España,Madrid,Madrid,Madrid, Madrid Capital,Retiro,Jerónimos,28014,40.4075,-3.688,1,4.0,,6.0,1.0,,1.0,,3.0,160.0,,,,1.0
162994058,Flat,Flat,False,1.950.000 €,1950000,,España,Madrid,Madrid,Madrid, Madrid Capital,Retiro,Jerónimos,28014,40.40942,-3.689759,0,2.0,,,1.0,,1.0,,1.0,177.0,1.0,,,
159876668,Flat,Flat,False,975.000 €,975000,225.000 €,España,Madrid,Madrid,Madrid, Madrid Capital,Retiro,Jerónimos,28014,40.40765,-3.688066,0,4.0,1.0,,1.0,,1.0,,3.0,160.0,1.0,,,
161912897,Flat,Flat,False,650.000 €,650000,47.000 €,España,Madrid,Madrid,Madrid, Madrid Capital,Retiro,Pacífico,28007,40.40875,-3.679884,0,3.0,4.0,7.0,1.0,,1.0,,4.0,164.0,1.0,1.0,,
163058253,Flat,Flat,False,465.000 €,465000,,España,Madrid,Madrid,Madrid, Madrid Capital,Retiro,Ibiza de Madrid,28009,40.42163,-3.67473,0,1.0,,,,,1.0,,3.0,103.0,,,,
162729035,Flat,Flat,False,550.000 €,550000,,España,Madrid,Madrid,Madrid, Madrid Capital,Retiro,Pacífico,28007,40.40162,-3.675644,0,2.0,3.0,,,,1.0,,3.0,119.0,1.0,,,1.0
161656565,Flat,Flat,False,750.000 €,750000,,España,Madrid,Madrid,Madrid, Madrid Capital,Retiro,Jerónimos,28014,40.40676,-3.687422,0,2.0,,8.0,1.0,,1.0,1.0,3.0,145.0,1.0,,,
160473676,Flat,Flat,False,515.000 €,515000,,España,Madrid,Madrid,Madrid, Madrid Capital,Retiro,Estrella,28007,40.41071,-3.668623,0,1.0,3.0,6.0,,,1.0,,3.0,101.0,1.0,1.0,,
159546926,Flat,Flat,False,820.000 €,820000,,España,Madrid,Madrid,Madrid, Madrid Capital,Retiro,Niño Jesús,28007,40.41109,-3.672392,0,2.0,,,1.0,,1.0,,2.0,179.0,1.0,,,1.0
162657917,Flat,Flat,False,910.000 €,910000,,España,Madrid,Madrid,Madrid, Madrid Capital,Retiro,Ibiza de Madrid,28009,40.42118,-3.673385,0,2.0,3.0,7.0,1.0,1.0,1.0,,2.0,132.0,,,,
163014419,Flat,Flat,False,890.000 €,890000,,España,Madrid,Madrid,Madrid, Madrid Capital,Retiro,Jerónimos,28014,40.41504,-3.690935,0,2.0,2.0,3.0,,1.0,1.0,,2.0,142.0,,,,
155661609,Attic,Flat,False,1.500.000 €,1500000,,España,Madrid,Madrid,Madrid, Madrid Capital,Retiro,Jerónimos,28014,40.40794,-3.689503,0,3.0,4.0,,,,1.0,,4.0,249.0,1.0,1.0,,
162792043,Flat,Flat,False,895.000 €,895000,35.000 €,España,Madrid,Madrid,Madrid, Madrid Capital,Retiro,Ibiza de Madrid,28009,40.42088,-3.671396,0,3.0,4.0,6.0,1.0,,1.0,,5.0,204.0,1.0,1.0,,
161664957,Flat,Flat,False,395.200 €,395200,,España,Madrid,Madrid,Madrid, Madrid Capital,Retiro,Adelfas,28007,40.40189,-3.670108,0,2.0,3.0,7.0,,,1.0,,4.0,100.0,1.0,1.0,,
160785214,Flat,Flat,False,485.000 €,485000,,España,Madrid,Madrid,Madrid, Madrid Capital,Retiro,Ibiza de Madrid,28007,40.41789,-3.668293,0,2.0,3.0,7.0,,,1.0,,4.0,121.0,1.0,,,
161353302,Duplex,Flat,True,1.500.000 €,1500000,,España,Madrid,Madrid,Madrid, Madrid Capital,Retiro,Jerónimos,28014,40.40805,-3.688891,0,3.0,,,1.0,,1.0,,2.0,252.0,1.0,,1.0,
160510025,Duplex,Flat,False,450.000 €,450000,,España,Madrid,Madrid,Madrid, Madrid Capital,Retiro,Jerónimos,28014,40.4059,-3.68714,0,5.0,3.0,,,,1.0,,5.0,122.0,,,,
162965346,Flat,Flat,False,533.000 €,533000,,España,Madrid,Madrid,Madrid, Madrid Capital,Retiro,Ibiza de Madrid,28009,40.42089,-3.678805,0,1.0,,11.0,1.0,,1.0,,2.0,84.0,1.0,,,
162956743,Flat,Flat,False,533.000 €,533000,,España,Madrid,Madrid,Madrid, Madrid Capital,Retiro,Estrella,28007,40.41985,-3.667795,0,2.0,,7.0,1.0,,1.0,,3.0,126.0,1.0,1.0,,
163035680,Flat,Flat,False,1.390.000 €,1390000,,España,Madrid,Madrid,Madrid, Madrid Capital,Retiro,Ibiza de Madrid,28009,40.41831,-3.678926,0,3.0,1.0,,1.0,,1.0,1.0,3.0,157.0,1.0,,,
162700534,Flat,Flat,False,525.000 €,525000,,España,Madrid,Madrid,Madrid, Madrid Capital,Retiro,Adelfas,28007,40.403,-3.671912,0,2.0,3.0,6.0,1.0,,1.0,,3.0,129.0,1.0,1.0,,
162992717,Apartment,Flat,False,1.150.000 €,1150000,,España,Madrid,Madrid,Madrid, Madrid Capital,Retiro,Jerónimos,28014,40.4075,-3.688,1,3.0,,,1.0,,1.0,,3.0,194.0,,,,1.0
162973933,Flat,Flat,False,460.000 €,460000,,España,Madrid,Madrid,Madrid, Madrid Capital,Retiro,Pacífico,28007,40.40282,-3.678257,0,2.0,4.0,,,,1.0,,4.0,120.0,1.0,1.0,,
162487720,Flat,Flat,False,1.200.000 €,1200000,,España,Madrid,Madrid,Madrid, Madrid Capital,Retiro,Niño Jesús,28009,40.41428,-3.670178,0,3.0,,,,,1.0,,4.0,214.0,1.0,1.0,,
162868959,Flat,Flat,False,379.000 €,379000,,España,Madrid,Madrid,Madrid, Madrid Capital,Retiro,Ibiza de Madrid,28009,40.41689,-3.672863,0,1.0,3.0,3.0,,,1.0,,4.0,81.0,1.0,,,
162321608,Flat,Flat,False,449.000 €,449000,15.500 €,España,Madrid,Madrid,Madrid, Madrid Capital,Retiro,Niño Jesús,28009,40.41498,-3.673944,0,2.0,1.0,3.0,1.0,,1.0,,2.0,125.0,1.0,,,
162845419,Flat,Flat,False,290.000 €,290000,,España,Madrid,Madrid,Madrid, Madrid Capital,Retiro,Ibiza de Madrid,28009,40.41909,-3.676419,0,1.0,3.0,,,,1.0,,2.0,51.0,1.0,,,
162802807,Flat,Flat,False,208.000 €,208000,,España,Madrid,Madrid,Madrid, Madrid Capital,Retiro,Adelfas,28007,40.39956,-3.670483,0,1.0,4.0,6.0,,,1.0,,3.0,69.0,1.0,,,
162664596,Flat,Flat,False,180.000 €,180000,,España,Madrid,Madrid,Madrid, Madrid Capital,Retiro,Pacífico,28007,40.40626,-3.678804,0,1.0,,,1.0,,1.0,,1.0,38.0,1.0,,,
161669783,Flat,Flat,False,590.000 €,590000,,España,Madrid,Madrid,Madrid, Madrid Capital,Retiro,Estrella,28007,40.40934,-3.666359,0,3.0,,,,,1.0,1.0,4.0,156.0,1.0,,,
161835487,Flat,Flat,False,370.000 €,370000,10.000 €,España,Madrid,Madrid,Madrid, Madrid Capital,Retiro,Adelfas,28007,40.39936,-3.673877,0,1.0,,,1.0,,1.0,,2.0,79.0,1.0,1.0,,1.0
161923006,Flat,Flat,False,410.000 €,410000,,España,Madrid,Madrid,Madrid, Madrid Capital,Retiro,Estrella,28007,40.41314,-3.67022,0,1.0,1.0,6.0,1.0,,1.0,1.0,,52.0,1.0,,,1.0
162288328,Attic,Flat,False,740.000 €,740000,,España,Madrid,Madrid,Madrid, Madrid Capital,Retiro,Pacífico,28007,40.40484,-3.677841,0,2.0,3.0,,1.0,,1.0,,4.0,150.0,1.0,1.0,,1.0
162493298,Apartment,Flat,False,308.000 €,308000,12.000 €,España,Madrid,Madrid,Madrid, Madrid Capital,Retiro,Pacífico,28007,40.40548,-3.67338,0,1.0,,,,,1.0,,1.0,67.0,1.0,1.0,,
161900367,House_Chalet,Flat,False,2.500.000 €,2500000,,España,Madrid,Madrid,Madrid, Madrid Capital,Retiro,Jerónimos,28014,40.40798,-3.690717,0,5.0,1.0,,1.0,,,,7.0,200.0,1.0,1.0,,
163130011,Flat,Flat,False,590.000 €,590000,,España,Madrid,Madrid,Madrid, Madrid Capital,Retiro,Pacífico,28007,40.40535,-3.677996,0,2.0,2.0,,1.0,,1.0,,3.0,104.0,1.0,,,1.0
163129569,Flat,Flat,False,785.000 €,785000,,España,Madrid,Madrid,Madrid, Madrid Capital,Retiro,Ibiza de Madrid,28009,40.4168,-3.678056,0,2.0,1.0,9.0,1.0,,1.0,,3.0,101.0,1.0,,,
163117529,Flat,Flat,False,275.000 €,275000,,España,Madrid,Madrid,Madrid, Madrid Capital,Retiro,Pacífico,28007,40.40464,-3.679161,0,1.0,2.0,6.0,1.0,,1.0,,2.0,53.0,1.0,,,
162990418,Flat,Flat,False,3.125.000 €,3125000,,España,Madrid,Madrid,Madrid, Madrid Capital,Retiro,Jerónimos,28009,40.42014,-3.683171,0,4.0,2.0,11.0,1.0,,1.0,,5.0,326.0,1.0,,,
162753878,Flat,Flat,False,795.000 €,795000,,España,Madrid,Madrid,Madrid, Madrid Capital,Retiro,Pacífico,28007,40.40672,-3.679191,0,2.0,3.0,6.0,1.0,1.0,1.0,1.0,3.0,156.0,,,,
162951929,Flat,Flat,False,259.000 €,259000,36.000 €,España,Madrid,Madrid,Madrid, Madrid Capital,Retiro,Niño Jesús,28007,40.41343,-3.670773,0,1.0,,,,,,,1.0,46.0,,,,
162946465,Flat,Flat,False,375.000 €,375000,,España,Madrid,Madrid,Madrid, Madrid Capital,Retiro,Pacífico,28007,40.40678,-3.673793,0,1.0,,11.0,1.0,,1.0,,3.0,80.0,1.0,1.0,,
162901768,Flat,Flat,False,3.500.000 €,3500000,,España,Madrid,Madrid,Madrid, Madrid Capital,Retiro,Jerónimos,28014,40.41649,-3.688977,0,4.0,,6.0,1.0,,1.0,1.0,6.0,480.0,,,,
162901766,Duplex,Flat,False,1.500.000 €,1500000,,España,Madrid,Madrid,Madrid, Madrid Capital,Retiro,Jerónimos,28014,40.40808,-3.689005,0,3.0,2.0,6.0,1.0,,1.0,1.0,2.0,194.0,1.0,1.0,,
162895101,Flat,Flat,False,3.125.000 €,3125000,,España,Madrid,Madrid,Madrid, Madrid Capital,Retiro,Jerónimos,28009,40.42064,-3.680282,0,4.0,3.0,11.0,1.0,,1.0,,5.0,326.0,1.0,,,
162884455,Flat,Flat,False,660.000 €,660000,,España,Madrid,Madrid,Madrid, Madrid Capital,Retiro,Estrella,28007,40.40958,-3.665355,0,2.0,3.0,11.0,1.0,,1.0,,4.0,157.0,1.0,1.0,1.0,
162874634,Attic,Flat,False,1.000.000 €,1000000,,España,Madrid,Madrid,Madrid, Madrid Capital,Retiro,Ibiza de Madrid,28009,40.41766,-3.670692,0,2.0,3.0,13.0,1.0,,1.0,,2.0,127.0,1.0,1.0,,
162860177,Flat,Flat,False,650.000 €,650000,,España,Madrid,Madrid,Madrid, Madrid Capital,Retiro,Niño Jesús,28009,40.41624,-3.670881,0,2.0,,,1.0,,,,3.0,94.0,1.0,,,
156971421,Flat,Flat,False,430.500 €,430500,,España,Madrid,Madrid,Madrid, Madrid Capital,Retiro,Niño Jesús,28007,40.40731,-3.673843,0,2.0,3.0,11.0,,,1.0,,2.0,103.0,1.0,,,
162735383,Flat,Flat,False,630.000 €,630000,,España,Madrid,Madrid,Madrid, Madrid Capital,Retiro,Pacífico,28007,40.4033,-3.678094,0,1.0,,6.0,,,,,3.0,172.0,,,,
161591344,Flat,Flat,False,760.000 €,760000,,España,Madrid,Madrid,Madrid, Madrid Capital,Retiro,Ibiza de Madrid,28009,40.418,-3.673508,0,3.0,,,1.0,,1.0,,4.0,141.0,1.0,,,
162710541,Flat,Flat,False,2.650.000 €,2650000,,España,Madrid,Madrid,Madrid, Madrid Capital,Retiro,Jerónimos,28014,40.41739,-3.689299,0,3.0,2.0,9.0,,,,1.0,3.0,253.0,1.0,1.0,,
162767906,Flat,Flat,False,430.500 €,430500,,España,Madrid,Madrid,Madrid, Madrid Capital,Retiro,Pacífico,28007,40.40694,-3.673475,0,2.0,,11.0,,,1.0,,2.0,103.0,1.0,,,
162138421,Flat,Flat,False,595.000 €,595000,,España,Madrid,Madrid,Madrid, Madrid Capital,Retiro,Ibiza de Madrid,28009,40.4193,-3.676049,0,2.0,2.0,,1.0,,1.0,,2.0,108.0,1.0,,,
162743561,Flat,Flat,False,990.000 €,990000,,España,Madrid,Madrid,Madrid, Madrid Capital,Retiro,Niño Jesús,28009,40.41463,-3.672613,0,3.0,,,1.0,,1.0,,4.0,201.0,1.0,1.0,,
163200242,Flat,Flat,False,2.500.000 €,2500000,,España,Madrid,Madrid,Madrid, Madrid Capital,Retiro,Jerónimos,28014,40.41359,-3.691831,0,3.0,2.0,7.0,1.0,,1.0,1.0,4.0,255.0,1.0,1.0,,
160441392,Flat,Flat,False,1.800.000 €,1800000,100.000 €,España,Madrid,Madrid,Madrid, Madrid Capital,Retiro,Adelfas,28001,40.40649,-3.670807,0,4.0,4.0,10.0,,,1.0,,5.0,241.0,1.0,1.0,,
159097580,Flat,Flat,False,430.500 €,430500,,España,Madrid,Madrid,Madrid, Madrid Capital,Retiro,Pacífico,28007,40.40564,-3.671782,0,2.0,,11.0,,,1.0,,2.0,87.0,,,,
157719304,Loft,Flat,False,1.450.000 €,1450000,,España,Madrid,Madrid,Madrid, Madrid Capital,Retiro,Niño Jesús,28007,40.40714,-3.671928,0,2.0,2.0,,,,1.0,,4.0,413.0,,,,1.0
162904933,Flat,Flat,False,515.000 €,515000,,España,Madrid,Madrid,Madrid, Madrid Capital,Retiro,Pacífico,28007,40.40331,-3.673341,0,2.0,1.0,6.0,,,1.0,,3.0,138.0,1.0,,,
163192832,Flat,Flat,False,740.000 €,740000,,España,Madrid,Madrid,Madrid, Madrid Capital,Retiro,Ibiza de Madrid,28009,40.41761,-3.677628,0,2.0,2.0,6.0,1.0,,1.0,1.0,3.0,119.0,1.0,,,
163117619,Attic,Flat,False,1.100.000 €,1100000,,España,Madrid,Madrid,Madrid, Madrid Capital,Retiro,Ibiza de Madrid,28009,40.4162,-3.678721,0,2.0,1.0,,1.0,,1.0,,2.0,111.0,1.0,1.0,,
163105538,Flat,Flat,False,150.000 €,150000,,España,Madrid,Madrid,Madrid, Madrid Capital,Retiro,Pacífico,28007,40.40453,-3.680329,0,1.0,4.0,9.0,1.0,,,,2.0,33.0,,,,
162352029,Attic,Flat,False,1.490.000 €,1490000,60.000 €,España,Madrid,Madrid,Madrid, Madrid Capital,Retiro,Niño Jesús,28007,40.41038,-3.673443,0,2.0,3.0,10.0,1.0,,1.0,,3.0,224.0,,,,
162008802,Flat,Flat,False,3.500.000 €,3500000,,España,Madrid,Madrid,Madrid, Madrid Capital,Retiro,Jerónimos,28014,40.41701,-3.691169,0,8.0,3.0,,1.0,,1.0,1.0,7.0,478.0,,,,
162035940,Flat,Flat,False,432.000 €,432000,,España,Madrid,Madrid,Madrid, Madrid Capital,Retiro,Ibiza de Madrid,28009,40.42,-3.67407,0,2.0,,,,,1.0,,3.0,90.0,1.0,1.0,,
162811925,Flat,Flat,False,309.900 €,309900,5.100 €,España,Madrid,Madrid,Madrid, Madrid Capital,Retiro,Pacífico,28007,40.40501,-3.675674,0,2.0,2.0,7.0,,,1.0,,4.0,105.0,1.0,,,
162694628,Attic,Flat,False,820.000 €,820000,50.000 €,España,Madrid,Madrid,Madrid, Madrid Capital,Retiro,Estrella,28007,40.41742,-3.664498,0,2.0,3.0,19.0,1.0,,1.0,,4.0,173.0,1.0,1.0,,
163194066,Flat,Flat,False,890.000 €,890000,,España,Madrid,Madrid,Madrid, Madrid Capital,Retiro,Jerónimos,28014,40.40763,-3.688035,0,4.0,,10.0,,,1.0,,5.0,160.0,,1.0,1.0,
161606202,Flat,Flat,False,880.000 €,880000,,España,Madrid,Madrid,Madrid, Madrid Capital,Retiro,Estrella,28007,40.41855,-3.664893,0,3.0,1.0,8.0,1.0,1.0,1.0,,3.0,167.0,,,,
163025440,Attic,Flat,False,2.500.000 €,2500000,,España,Madrid,Madrid,Madrid, Madrid Capital,Retiro,Jerónimos,28014,40.41222,-3.688499,0,6.0,4.0,9.0,1.0,1.0,1.0,,5.0,280.0,,1.0,,
162668251,Flat,Flat,False,1.150.000 €,1150000,,España,Madrid,Madrid,Madrid, Madrid Capital,Retiro,Niño Jesús,28009,40.41011,-3.67112,0,2.0,4.0,6.0,,,1.0,,4.0,276.0,1.0,,,
163037896,Flat,Flat,False,650.000 €,650000,,España,Madrid,Madrid,Madrid, Madrid Capital,Retiro,Niño Jesús,28009,40.41758,-3.668399,0,2.0,1.0,6.0,1.0,,1.0,,3.0,92.0,1.0,,,
161598134,Flat,Flat,False,650.000 €,650000,75.000 €,España,Madrid,Madrid,Madrid, Madrid Capital,Retiro,Niño Jesús,28007,40.41394,-3.677252,0,3.0,4.0,7.0,1.0,,1.0,1.0,4.0,164.0,1.0,1.0,,
163029282,Flat,Flat,False,940.000 €,940000,,España,Madrid,Madrid,Madrid, Madrid Capital,Retiro,Ibiza de Madrid,28009,40.41937,-3.678408,0,2.0,3.0,9.0,1.0,,1.0,,2.0,113.0,1.0,,,
160427435,Flat,Flat,False,630.000 €,630000,95.700 €,España,Madrid,Madrid,Madrid, Madrid Capital,Retiro,Pacífico,28007,40.40324,-3.678011,1,1.0,,6.0,,,,,3.0,172.0,,,,
162713607,Flat,Flat,False,570.000 €,570000,,España,Madrid,Madrid,Madrid, Madrid Capital,Retiro,Jerónimos,28014,40.40721,-3.681389,0,2.0,2.0,6.0,1.0,,1.0,,3.0,156.0,,1.0,,
162960534,Flat,Flat,False,880.000 €,880000,,España,Madrid,Madrid,Madrid, Madrid Capital,Retiro,Estrella,28007,40.41692,-3.664333,0,3.0,2.0,8.0,1.0,,1.0,,3.0,167.0,1.0,,,
163196747,Flat,Flat,False,399.000 €,399000,,España,Madrid,Madrid,Madrid, Madrid Capital,Retiro,Estrella,28007,40.4083,-3.66944,1,1.0,,11.0,1.0,,1.0,,3.0,69.0,1.0,1.0,,
163195639,Apartment,Flat,False,142.000 €,142000,,España,Madrid,Madrid,Madrid, Madrid Capital,Retiro,Adelfas,28007,40.39993,-3.671844,0,1.0,3.0,7.0,,,1.0,,,30.0,,,,
163193377,Flat,Flat,False,579.900 €,579900,,España,Madrid,Madrid,Madrid, Madrid Capital,Retiro,Niño Jesús,28007,40.40945,-3.675413,0,2.0,,,,,1.0,,4.0,140.0,,,,
163191541,Flat,Flat,False,495.000 €,495000,,España,Madrid,Madrid,Madrid, Madrid Capital,Retiro,Pacífico,28014,40.40542,-3.682514,0,2.0,2.0,6.0,1.0,,1.0,,3.0,151.0,1.0,,1.0,
163190754,Flat,Flat,False,285.000 €,285000,,España,Madrid,Madrid,Madrid, Madrid Capital,Retiro,Pacífico,28007,40.40329,-3.675831,0,1.0,1.0,9.0,1.0,,1.0,1.0,1.0,68.0,1.0,,,
161350043,Flat,Flat,False,150.000 €,150000,25.000 €,España,Madrid,Madrid,Madrid, Madrid Capital,Retiro,Pacífico,28007,40.40629,-3.676622,1,1.0,,3.0,1.0,,,,1.0,39.0,,,,
163105834,Flat,Flat,False,785.000 €,785000,,España,Madrid,Madrid,Madrid, Madrid Capital,Retiro,Ibiza de Madrid,28009,40.41618,-3.676009,0,2.0,1.0,9.0,1.0,,1.0,,3.0,101.0,1.0,,,
163129031,Flat,Flat,False,360.000 €,360000,,España,Madrid,Madrid,Madrid, Madrid Capital,Retiro,Adelfas,28007,40.40393,-3.670664,0,1.0,2.0,6.0,,,1.0,1.0,1.0,63.0,1.0,,,
163057890,Attic,Flat,False,2.500.000 €,2500000,,España,Madrid,Madrid,Madrid, Madrid Capital,Retiro,Jerónimos,28014,40.4127,-3.688819,0,6.0,3.0,,1.0,,1.0,,5.0,280.0,,1.0,,
157508251,Flat,Flat,False,1.200.000 €,1200000,,España,Madrid,Madrid,Madrid, Madrid Capital,Retiro,Jerónimos,28014,40.41812,-3.692536,0,3.0,2.0,3.0,1.0,,1.0,,3.0,158.0,1.0,,,
157541657,Duplex,Flat,False,1.275.000 €,1275000,,España,Madrid,Madrid,Madrid, Madrid Capital,Retiro,Niño Jesús,28009,40.41554,-3.672404,0,2.0,,3.0,1.0,,1.0,,1.0,257.0,1.0,,,
161569894,Flat,Flat,False,630.000 €,630000,95.700 €,España,Madrid,Madrid,Madrid, Madrid Capital,Retiro,Pacífico,28007,40.40312,-3.678061,0,1.0,3.0,6.0,,,,,3.0,172.0,,,,
163169550,Flat,Flat,False,482.000 €,482000,,España,Madrid,Madrid,Madrid, Madrid Capital,Retiro,Estrella,28007,40.41555,-3.666492,0,1.0,2.0,15.0,,,1.0,,3.0,95.0,1.0,,,
163182019,Attic,Flat,False,1.050.000 €,1050000,,España,Madrid,Madrid,Madrid, Madrid Capital,Retiro,Ibiza de Madrid,28009,40.41775,-3.668567,0,2.0,1.0,13.0,1.0,,1.0,,2.0,130.0,1.0,1.0,,
163179326,Flat,Flat,False,460.000 €,460000,,España,Madrid,Madrid,Madrid, Madrid Capital,Retiro,Pacífico,28007,40.40592,-3.679727,0,2.0,2.0,7.0,1.0,,1.0,,3.0,100.0,,1.0,,
162277895,Flat,Flat,False,895.000 €,895000,35.000 €,España,Madrid,Madrid,Madrid, Madrid Capital,Retiro,Ibiza de Madrid,28009,40.42004,-3.671655,0,4.0,3.0,,,,1.0,1.0,4.0,204.0,1.0,1.0,,
162215388,Flat,Flat,False,429.000 €,429000,31.000 €,España,Madrid,Madrid,Madrid, Madrid Capital,Retiro,Pacífico,28007,40.40483,-3.679005,0,2.0,1.0,,1.0,,,,,129.0,1.0,,,
151532226,Flat,Flat,False,565.000 €,565000,55.000 €,España,Madrid,Madrid,Madrid, Madrid Capital,Retiro,Adelfas,28013,40.40532,-3.667203,0,2.0,3.0,11.0,1.0,,1.0,,4.0,130.0,1.0,1.0,1.0,1.0
162845410,Flat,Flat,False,600.000 €,600000,,España,Madrid,Madrid,Madrid, Madrid Capital,Retiro,Jerónimos,28014,40.40831,-3.68174,0,3.0,,,1.0,,1.0,,4.0,184.0,1.0,1.0,,
163174159,Flat,Flat,False,889.995 €,889995,,España,Madrid,Madrid,Madrid, Madrid Capital,Retiro,Jerónimos,28014,40.41464,-3.68826,0,2.0,,,,,1.0,,2.0,111.0,,,,
163172048,Flat,Flat,False,350.000 €,350000,,España,Madrid,Madrid,Madrid, Madrid Capital,Retiro,Estrella,28007,40.4066,-3.664914,0,1.0,2.0,6.0,,,1.0,,2.0,70.0,1.0,,,
161009609,Flat,Flat,False,567.000 €,567000,,España,Madrid,Madrid,Madrid, Madrid Capital,Retiro,Adelfas,28007,40.40371,-3.67136,1,2.0,1.0,8.0,,1.0,1.0,,2.0,102.0,,,1.0,
161009282,Flat,Flat,False,357.000 €,357000,,España,Madrid,Madrid,Madrid, Madrid Capital,Retiro,Adelfas,28007,40.40371,-3.67136,1,1.0,1.0,3.0,1.0,,1.0,,1.0,72.0,,,1.0,
158801760,Attic,Flat,False,457.000 €,457000,,España,Madrid,Madrid,Madrid, Madrid Capital,Retiro,Adelfas,28045,40.40371,-3.67136,1,1.0,1.0,,,,1.0,1.0,1.0,69.0,1.0,1.0,1.0,
151194922,Flat,Flat,False,496.000 €,496000,31.000 €,España,Madrid,Madrid,Madrid, Madrid Capital,Retiro,Adelfas,28045,40.40371,-3.67136,1,2.0,1.0,6.0,,,1.0,,2.0,102.0,1.0,,1.0,
161009050,Flat,Flat,False,525.000 €,525000,,España,Madrid,Madrid,Madrid, Madrid Capital,Retiro,Adelfas,28007,40.40371,-3.67136,1,2.0,1.0,3.0,,,1.0,,2.0,97.0,1.0,1.0,1.0,
163165995,Flat,Flat,False,355.000 €,355000,,España,Madrid,Madrid,Madrid, Madrid Capital,Retiro,Pacífico,,40.4052,-3.676901,1,1.0,2.0,,1.0,,,,3.0,80.0,1.0,1.0,,
163165839,Flat,Flat,False,700.000 €,700000,,España,Madrid,Madrid,Madrid, Madrid Capital,Retiro,Pacífico,28007,40.40726,-3.677472,0,3.0,2.0,7.0,,,1.0,,4.0,160.0,,,,
161538616,Flat,Flat,False,430.500 €,430500,25.990 €,España,Madrid,Madrid,Madrid, Madrid Capital,Retiro,Pacífico,28007,40.40691,-3.673473,0,2.0,,,,,1.0,,2.0,103.0,,,,
161697618,Flat,Flat,False,576.800 €,576800,,España,Madrid,Madrid,Madrid, Madrid Capital,Retiro,Ibiza de Madrid,28007,40.41766,-3.669695,0,2.0,,9.0,,,1.0,,4.0,128.0,,,,
162978865,Flat,Flat,False,550.000 €,550000,,España,Madrid,Madrid,Madrid, Madrid Capital,Retiro,Niño Jesús,28009,40.41748,-3.675634,0,1.0,4.0,8.0,,,1.0,,4.0,100.0,,,,
158094933,Flat,Flat,False,430.500 €,430500,,España,Madrid,Madrid,Madrid, Madrid Capital,Retiro,Pacífico,28007,40.40684,-3.673378,0,2.0,,11.0,,,,,4.0,87.0,,,,
162146588,Flat,Flat,False,975.000 €,975000,125.000 €,España,Madrid,Madrid,Madrid, Madrid Capital,Retiro,Jerónimos,28014,40.40758,-3.687915,0,4.0,1.0,6.0,1.0,,1.0,,3.0,160.0,1.0,,1.0,
160150701,Flat,Flat,False,325.000 €,325000,,España,Madrid,Madrid,Madrid, Madrid Capital,Retiro,Pacífico,28007,40.4045,-3.67216,1,1.0,2.0,7.0,1.0,,1.0,,1.0,64.0,1.0,,,
158409376,Flat,Flat,False,469.000 €,469000,,España,Madrid,Madrid,Madrid, Madrid Capital,Retiro,Pacífico,28007,40.40545,-3.67323,0,2.0,4.0,6.0,1.0,,1.0,,4.0,117.0,1.0,,,
162844490,Flat,Flat,False,1.850.000 €,1850000,,España,Madrid,Madrid,Madrid, Madrid Capital,Retiro,Jerónimos,28014,40.41419,-3.689191,0,3.0,2.0,7.0,1.0,,1.0,1.0,4.0,335.0,1.0,1.0,,
163161874,Flat,Flat,False,850.000 €,850000,,España,Madrid,Madrid,Madrid, Madrid Capital,Retiro,Niño Jesús,28007,40.40891,-3.67029,1,3.0,2.0,12.0,1.0,,1.0,,3.0,138.0,1.0,1.0,1.0,
163159096,Flat,Flat,False,580.000 €,580000,,España,Madrid,Madrid,Madrid, Madrid Capital,Retiro,Estrella,28007,40.4111,-3.663879,1,3.0,2.0,,1.0,,1.0,,4.0,159.0,1.0,,1.0,
163157139,Duplex,Flat,False,429.000 €,429000,,España,Madrid,Madrid,Madrid, Madrid Capital,Retiro,Pacífico,28007,40.40466,-3.677116,0,2.0,2.0,3.0,1.0,,1.0,,2.0,129.0,1.0,,,
161528759,Flat,Flat,False,630.000 €,630000,95.700 €,España,Madrid,Madrid,Madrid, Madrid Capital,Retiro,Pacífico,28007,40.40305,-3.678169,0,1.0,,6.0,,,,,3.0,185.0,,,,
157582018,Flat,Flat,False,620.000 €,620000,24.745 €,España,Madrid,Madrid,Madrid, Madrid Capital,Retiro,Pacífico,28007,40.40401,-3.683638,0,2.0,,,1.0,,1.0,,3.0,104.0,1.0,,,1.0
163151841,Flat,Flat,False,495.000 €,495000,,España,Madrid,Madrid,Madrid, Madrid Capital,Retiro,Estrella,28007,40.40952,-3.66952,0,1.0,1.0,6.0,1.0,,,,3.0,101.0,,,,
163150999,Attic,Flat,False,1.050.000 €,1050000,,España,Madrid,Madrid,Madrid, Madrid Capital,Retiro,Ibiza de Madrid,28009,40.41846,-3.669407,0,2.0,,13.0,1.0,,1.0,,2.0,130.0,1.0,1.0,,
163144077,Flat,Flat,False,149.990 €,149990,10.010 €,España,Madrid,Madrid,Madrid, Madrid Capital,Retiro,Pacífico,28007,40.40258,-3.674077,0,1.0,1.0,2.0,,,,,2.0,48.0,1.0,,,
162663655,Flat,Flat,False,275.000 €,275000,,España,Madrid,Madrid,Madrid, Madrid Capital,Retiro,Adelfas,28007,40.39855,-3.67123,0,1.0,,6.0,1.0,,1.0,,2.0,62.0,1.0,,,
160634748,Flat,Flat,False,430.500 €,430500,25.990 €,España,Madrid,Madrid,Madrid, Madrid Capital,Retiro,Pacífico,28007,40.40699,-3.673394,0,2.0,,11.0,,,1.0,,2.0,88.0,1.0,,,
162689546,Attic,Flat,False,990.000 €,990000,65.000 €,España,Madrid,Madrid,Madrid, Madrid Capital,Retiro,Niño Jesús,28009,40.41639,-3.671645,0,3.0,2.0,14.0,1.0,,1.0,,4.0,201.0,1.0,1.0,,
163041569,Flat,Flat,False,449.900 €,449900,,España,Madrid,Madrid,Madrid, Madrid Capital,Retiro,Ibiza de Madrid,28009,40.42035,-3.677776,0,1.0,4.0,6.0,,,1.0,,3.0,80.0,,,,
160635348,Flat,Flat,False,630.000 €,630000,95.700 €,España,Madrid,Madrid,Madrid, Madrid Capital,Retiro,Pacífico,28007,40.40225,-3.677793,0,1.0,,6.0,,,1.0,1.0,1.0,172.0,,,,
162937114,Flat,Flat,False,682.000 €,682000,,España,Madrid,Madrid,Madrid, Madrid Capital,Retiro,Estrella,28007,40.41881,-3.66256,1,2.0,3.0,10.0,1.0,,1.0,,3.0,140.0,1.0,1.0,,
163133291,Flat,Flat,False,330.000 €,330000,,España,Madrid,Madrid,Madrid, Madrid Capital,Retiro,Ibiza de Madrid,28009,40.41921,-3.67342,1,1.0,2.0,,1.0,,1.0,,1.0,46.0,1.0,,,
157556588,Duplex,Flat,False,1.500.000 €,1500000,100.000 €,España,Madrid,Madrid,Madrid, Madrid Capital,Retiro,Jerónimos,28014,40.40809,-3.688989,0,2.0,1.0,,1.0,1.0,1.0,1.0,2.0,170.0,,1.0,,
160652471,Flat,Flat,False,430.500 €,430500,25.990 €,España,Madrid,Madrid,Madrid, Madrid Capital,Retiro,Pacífico,28007,40.4056,-3.675362,0,2.0,,11.0,,1.0,1.0,,2.0,87.0,,,,
161741603,Flat,Flat,False,3.400.000 €,3400000,,España,Madrid,Madrid,Madrid, Madrid Capital,Retiro,Jerónimos,28014,40.41896,-3.691807,0,4.0,4.0,7.0,1.0,,1.0,1.0,5.0,426.0,1.0,,,
161963377,Flat,Flat,False,189.500 €,189500,,España,Madrid,Madrid,Madrid, Madrid Capital,Retiro,Adelfas,28007,40.39927,-3.670185,0,1.0,,6.0,,,,,1.0,48.0,,,,
163119517,Flat,Flat,False,215.000 €,215000,,España,Madrid,Madrid,Madrid, Madrid Capital,Retiro,Pacífico,28007,40.4042,-3.679416,0,1.0,,8.0,1.0,,1.0,,1.0,40.0,1.0,,,
163117704,Apartment,Flat,False,375.000 €,375000,,España,Madrid,Madrid,Madrid, Madrid Capital,Retiro,Pacífico,28007,40.40278,-3.675425,0,2.0,,9.0,,,1.0,,3.0,92.0,1.0,1.0,,
163117255,Flat,Flat,False,519.000 €,519000,,España,Madrid,Madrid,Madrid, Madrid Capital,Retiro,Ibiza de Madrid,28009,40.41675,-3.67565,1,2.0,1.0,13.0,,,1.0,,3.0,87.0,,,,
163116392,Flat,Flat,False,285.000 €,285000,,España,Madrid,Madrid,Madrid, Madrid Capital,Retiro,Pacífico,28007,40.40349,-3.678643,0,1.0,2.0,7.0,1.0,,1.0,,2.0,52.0,1.0,,,
161473464,Flat,Flat,False,1.200.000 €,1200000,,España,Madrid,Madrid,Madrid, Madrid Capital,Retiro,Jerónimos,28014,40.41732,-3.690932,0,3.0,,,1.0,,1.0,,3.0,158.0,1.0,,,
162143703,Duplex,Flat,False,1.150.000 €,1150000,,España,Madrid,Madrid,Madrid, Madrid Capital,Retiro,Jerónimos,28014,40.40736,-3.688185,0,3.0,1.0,5.0,1.0,,1.0,,3.0,200.0,1.0,,1.0,
162143707,Duplex,Flat,False,2.550.000 €,2550000,,España,Madrid,Madrid,Madrid, Madrid Capital,Retiro,Jerónimos,28014,40.40752,-3.687694,0,4.0,1.0,3.0,1.0,,1.0,,3.0,280.0,1.0,,,1.0
162370804,Flat,Flat,False,565.000 €,565000,,España,Madrid,Madrid,Madrid, Madrid Capital,Retiro,Jerónimos,28014,40.4084,-3.682043,0,2.0,2.0,6.0,1.0,,1.0,,3.0,156.0,1.0,1.0,1.0,
161028596,Flat,Flat,False,450.000 €,450000,,España,Madrid,Madrid,Madrid, Madrid Capital,Retiro,Pacífico,28007,40.4071,-3.674996,0,2.0,4.0,3.0,1.0,,1.0,,4.0,120.0,,,,
162689529,Duplex,Flat,False,1.150.000 €,1150000,,España,Madrid,Madrid,Madrid, Madrid Capital,Retiro,Jerónimos,28014,40.40926,-3.689893,0,3.0,1.0,,,,1.0,,3.0,115.0,1.0,,,
162745456,Flat,Flat,False,975.000 €,975000,125.000 €,España,Madrid,Madrid,Madrid, Madrid Capital,Retiro,Jerónimos,28014,40.41365,-3.684923,0,4.0,1.0,3.0,1.0,,1.0,,3.0,160.0,1.0,,,
162664842,Flat,Flat,False,975.000 €,975000,125.000 €,España,Madrid,Madrid,Madrid, Madrid Capital,Retiro,Jerónimos,28014,40.41302,-3.685678,0,4.0,1.0,6.0,1.0,,1.0,,3.0,160.0,1.0,,,
154912993,Duplex,Flat,False,1.475.000 €,1475000,25.000 €,España,Madrid,Madrid,Madrid, Madrid Capital,Retiro,Jerónimos,28014,40.40695,-3.687327,0,3.0,1.0,3.0,1.0,,1.0,1.0,2.0,157.0,,1.0,1.0,
162339644,Flat,Flat,False,1.350.000 €,1350000,,España,Madrid,Madrid,Madrid, Madrid Capital,Retiro,Ibiza de Madrid,28009,40.41678,-3.679407,0,3.0,,6.0,,,1.0,,4.0,181.0,1.0,,1.0,
147657744,Flat,Flat,False,2.800.000 €,2800000,400.000 €,España,Madrid,Madrid,Madrid, Madrid Capital,Retiro,Ibiza de Madrid,28009,40.41773,-3.677752,0,5.0,1.0,9.0,1.0,,1.0,,4.0,349.0,1.0,,,
149255643,Flat,Flat,False,715.000 €,715000,,España,Madrid,Madrid,Madrid, Madrid Capital,Retiro,Jerónimos,28014,40.40616,-3.686029,0,3.0,2.0,7.0,,,1.0,,4.0,140.0,,,,
160295271,Flat,Flat,False,990.000 €,990000,110.000 €,España,Madrid,Madrid,Madrid, Madrid Capital,Retiro,Niño Jesús,28009,40.41365,-3.671083,0,3.0,,14.0,1.0,,1.0,,4.0,201.0,1.0,1.0,,
162094229,Flat,Flat,False,385.000 €,385000,10.000 €,España,Madrid,Madrid,Madrid, Madrid Capital,Retiro,Ibiza de Madrid,28009,40.41933,-3.675979,0,2.0,,,,,1.0,,2.0,77.0,,,,
156775958,Flat,Flat,False,535.500 €,535500,,España,Madrid,Madrid,Madrid, Madrid Capital,Retiro,Jerónimos,28014,40.40699,-3.682074,0,2.0,,,,,1.0,,4.0,140.0,,,,
161997097,Flat,Flat,False,499.000 €,499000,,España,Madrid,Madrid,Madrid, Madrid Capital,Retiro,Pacífico,28007,40.40404,-3.674939,0,2.0,,,1.0,,1.0,1.0,3.0,96.0,,,,
163072910,Flat,Flat,False,820.000 €,820000,,España,Madrid,Madrid,Madrid, Madrid Capital,Retiro,Estrella,28007,40.4119,-3.668817,0,2.0,4.0,10.0,,,1.0,,2.0,89.0,,,,
163071237,Flat,Flat,False,785.000 €,785000,,España,Madrid,Madrid,Madrid, Madrid Capital,Retiro,Ibiza de Madrid,28009,40.41815,-3.674958,0,2.0,1.0,9.0,1.0,,1.0,1.0,3.0,97.0,,,,
163067137,Flat,Flat,False,785.000 €,785000,,España,Madrid,Madrid,Madrid, Madrid Capital,Retiro,Ibiza de Madrid,28009,40.41636,-3.675995,0,2.0,,9.0,,,1.0,1.0,3.0,100.0,1.0,,,
162073631,Flat,Flat,False,182.000 €,182000,,España,Madrid,Madrid,Madrid, Madrid Capital,Retiro,Adelfas,28007,40.40034,-3.669697,0,1.0,,,,,,,2.0,50.0,,,,
162752106,Flat,Flat,False,780.000 €,780000,18.000 €,España,Madrid,Madrid,Madrid, Madrid Capital,Retiro,Ibiza de Madrid,28009,40.4217,-3.679406,0,2.0,1.0,6.0,,,1.0,,2.0,84.0,,,,
157703329,Flat,Flat,False,444.000 €,444000,,España,Madrid,Madrid,Madrid, Madrid Capital,Retiro,Ibiza de Madrid,28009,40.41664,-3.675189,0,1.0,,9.0,1.0,,1.0,,2.0,46.0,1.0,,,
161573042,Flat,Flat,False,650.000 €,650000,75.000 €,España,Madrid,Madrid,Madrid, Madrid Capital,Retiro,Pacífico,28007,40.40737,-3.679538,0,3.0,3.0,7.0,,1.0,1.0,,5.0,164.0,,,,
162488952,Flat,Flat,False,759.000 €,759000,36.000 €,España,Madrid,Madrid,Madrid, Madrid Capital,Retiro,Niño Jesús,28009,40.41183,-3.674054,0,3.0,,8.0,1.0,1.0,1.0,1.0,5.0,145.0,,,,
161393971,Flat,Flat,False,820.000 €,820000,,España,Madrid,Madrid,Madrid, Madrid Capital,Retiro,Ibiza de Madrid,28009,40.41864,-3.674616,0,3.0,4.0,9.0,,,1.0,,5.0,184.0,1.0,,,
161055570,Flat,Flat,False,456.490 €,456490,,España,Madrid,Madrid,Madrid, Madrid Capital,Retiro,Pacífico,28007,40.40686,-3.67379,1,2.0,2.0,10.0,,,1.0,,2.0,87.0,1.0,1.0,,
159699921,Flat,Flat,False,1.900.000 €,1900000,,España,Madrid,Madrid,Madrid, Madrid Capital,Retiro,Jerónimos,28014,40.41138,-3.689325,0,3.0,3.0,7.0,1.0,,1.0,1.0,5.0,221.0,1.0,,,
163046870,Flat,Flat,False,500.000 €,500000,,España,Madrid,Madrid,Madrid, Madrid Capital,Retiro,Pacífico,28007,40.40486,-3.675627,1,2.0,2.0,,,,1.0,,4.0,112.0,1.0,1.0,,
160866662,Flat,Flat,False,1.850.000 €,1850000,,España,Madrid,Madrid,Madrid, Madrid Capital,Retiro,Niño Jesús,28014,40.4118,-3.674746,0,3.0,,,,,1.0,,3.0,195.0,,,,
163045180,Flat,Flat,False,460.000 €,460000,,España,Madrid,Madrid,Madrid, Madrid Capital,Retiro,Pacífico,28007,40.40392,-3.67785,0,2.0,,7.0,,,,,3.0,109.0,1.0,1.0,,
162520631,Flat,Flat,False,1.490.000 €,1490000,60.000 €,España,Madrid,Madrid,Madrid, Madrid Capital,Retiro,Niño Jesús,28007,40.41102,-3.671524,1,2.0,,10.0,1.0,,1.0,,3.0,224.0,1.0,,,
162177460,Flat,Flat,False,710.000 €,710000,50.000 €,España,Madrid,Madrid,Madrid, Madrid Capital,Retiro,Ibiza de Madrid,28009,40.41795,-3.677979,0,1.0,1.0,,1.0,,1.0,,2.0,90.0,1.0,,,
162542962,Flat,Flat,False,1.550.000 €,1550000,,España,Madrid,Madrid,Madrid, Madrid Capital,Retiro,Jerónimos,28014,40.41858,-3.691546,0,4.0,,6.0,1.0,,1.0,,3.0,200.0,,,,
163035951,Attic,Flat,False,1.100.000 €,1100000,,España,Madrid,Madrid,Madrid, Madrid Capital,Retiro,Ibiza de Madrid,28009,40.41951,-3.670847,0,2.0,1.0,,1.0,,1.0,1.0,2.0,127.0,1.0,1.0,,
159787332,Flat,Flat,False,273.000 €,273000,26.000 €,España,Madrid,Madrid,Madrid, Madrid Capital,Retiro,Pacífico,28007,40.40177,-3.675245,0,1.0,,6.0,1.0,,,1.0,2.0,78.0,1.0,,,
154588424,Flat,Flat,False,1.350.000 €,1350000,200.000 €,España,Madrid,Madrid,Madrid, Madrid Capital,Retiro,Ibiza de Madrid,28009,40.41593,-3.679224,0,2.0,,6.0,1.0,,1.0,,4.0,181.0,1.0,1.0,,
162927709,Flat,Flat,False,180.000 €,180000,,España,Madrid,Madrid,Madrid, Madrid Capital,Retiro,Pacífico,28007,40.40585,-3.679747,0,1.0,4.0,8.0,,,1.0,,2.0,43.0,,,,
158062572,Flat,Flat,False,690.000 €,690000,,España,Madrid,Madrid,Madrid, Madrid Capital,Retiro,Ibiza de Madrid,28009,40.41966,-3.672755,0,2.0,,6.0,,,1.0,,3.0,106.0,,,,
163020770,Flat,Flat,False,3.100.000 €,3100000,,España,Madrid,Madrid,Madrid, Madrid Capital,Retiro,Jerónimos,28014,40.41413,-3.688628,0,4.0,,7.0,1.0,,1.0,1.0,3.0,266.0,1.0,,,
163017306,Flat,Flat,False,310.000 €,310000,,España,Madrid,Madrid,Madrid, Madrid Capital,Retiro,Jerónimos,28014,40.40805,-3.688153,0,1.0,4.0,,,,1.0,,3.0,74.0,,,,
156927861,Flat,Flat,False,798.000 €,798000,,España,Madrid,Madrid,Madrid, Madrid Capital,Retiro,Ibiza de Madrid,28009,40.41862,-3.677157,0,2.0,1.0,8.0,1.0,,1.0,,2.0,115.0,1.0,,,
162689487,Flat,Flat,False,1.850.000 €,1850000,,España,Madrid,Madrid,Madrid, Madrid Capital,Retiro,Jerónimos,28014,40.41574,-3.691445,0,3.0,4.0,7.0,1.0,,1.0,1.0,4.0,335.0,1.0,1.0,1.0,
163002859,Flat,Flat,False,230.000 €,230000,,España,Madrid,Madrid,Madrid, Madrid Capital,Retiro,Pacífico,28007,40.40568,-3.675165,0,1.0,4.0,7.0,,,1.0,1.0,2.0,57.0,,,,
163001337,Flat,Flat,False,430.500 €,430500,,España,Madrid,Madrid,Madrid, Madrid Capital,Retiro,Pacífico,28007,40.40675,-3.67342,0,2.0,,11.0,,,1.0,,2.0,103.0,1.0,,,
163000202,Flat,Flat,False,630.000 €,630000,,España,Madrid,Madrid,Madrid, Madrid Capital,Retiro,Pacífico,28007,40.40324,-3.677905,0,1.0,,6.0,,,,,3.0,172.0,,,,
162999435,Flat,Flat,False,2.500.000 €,2500000,,España,Madrid,Madrid,Madrid, Madrid Capital,Retiro,Jerónimos,28014,40.41342,-3.688299,0,3.0,,7.0,,,,,4.0,255.0,,,,
162704494,Attic,Flat,False,820.000 €,820000,50.000 €,España,Madrid,Madrid,Madrid, Madrid Capital,Retiro,Estrella,28007,40.4161,-3.664172,0,2.0,2.0,19.0,1.0,,1.0,,4.0,173.0,1.0,1.0,,1.0
162998180,Flat,Flat,False,550.000 €,550000,,España,Madrid,Madrid,Madrid, Madrid Capital,Retiro,Adelfas,28007,40.39812,-3.672641,1,2.0,2.0,,1.0,,1.0,,3.0,104.0,1.0,1.0,,1.0
160546513,Flat,Flat,False,990.000 €,990000,,España,Madrid,Madrid,Madrid, Madrid Capital,Retiro,Ibiza de Madrid,28009,40.41825,-3.674207,0,2.0,3.0,8.0,,,1.0,1.0,4.0,205.0,1.0,,,
162138267,Flat,Flat,False,1.550.000 €,1550000,,España,Madrid,Madrid,Madrid, Madrid Capital,Retiro,Jerónimos,28014,40.41762,-3.690356,0,4.0,4.0,6.0,1.0,,1.0,1.0,3.0,194.0,,,,
162804095,Flat,Flat,False,595.000 €,595000,55.000 €,España,Madrid,Madrid,Madrid, Madrid Capital,Retiro,Pacífico,28007,40.40369,-3.680964,0,3.0,,6.0,1.0,,1.0,1.0,4.0,195.0,,1.0,,
162200084,Flat,Flat,False,170.000 €,170000,5.000 €,España,Madrid,Madrid,Madrid, Madrid Capital,Retiro,Pacífico,28007,40.40253,-3.676727,0,1.0,,7.0,,,1.0,,2.0,44.0,1.0,,,
162988714,Flat,Flat,False,569.000 €,569000,,España,Madrid,Madrid,Madrid, Madrid Capital,Retiro,Pacífico,28007,40.40347,-3.676164,0,1.0,3.0,9.0,1.0,1.0,1.0,,4.0,140.0,,1.0,,
160873870,Flat,Flat,False,430.500 €,430500,25.990 €,España,Madrid,Madrid,Madrid, Madrid Capital,Retiro,Pacífico,28007,40.40531,-3.674284,0,2.0,2.0,11.0,,,1.0,,2.0,87.0,,,,
162986207,Flat,Flat,False,265.000 €,265000,,España,Madrid,Madrid,Madrid, Madrid Capital,Retiro,Adelfas,28007,40.40054,-3.67317,1,1.0,2.0,,1.0,,,1.0,2.0,65.0,1.0,,,
162008813,Duplex,Flat,False,1.950.000 €,1950000,,España,Madrid,Madrid,Madrid, Madrid Capital,Retiro,Jerónimos,28014,40.41824,-3.689451,0,5.0,,,1.0,,,,4.0,284.0,,,,
162498435,Flat,Flat,False,1.250.000 €,1250000,,España,Madrid,Madrid,Madrid, Madrid Capital,Retiro,Jerónimos,28014,40.41322,-3.692377,0,3.0,,,,,1.0,1.0,2.0,153.0,1.0,,,
160979221,Flat,Flat,False,2.350.000 €,2350000,,España,Madrid,Madrid,Madrid, Madrid Capital,Retiro,Jerónimos,28001,40.42249,-3.684146,0,4.0,,,,,,,3.0,209.0,,,,
162976314,Flat,Flat,False,575.000 €,575000,,España,Madrid,Madrid,Madrid, Madrid Capital,Retiro,Jerónimos,28014,40.4071,-3.682589,0,2.0,2.0,8.0,1.0,,1.0,,4.0,144.0,1.0,1.0,,
162974940,Flat,Flat,False,920.000 €,920000,,España,Madrid,Madrid,Madrid, Madrid Capital,Retiro,Estrella,28007,40.41838,-3.66363,1,2.0,3.0,,,,1.0,1.0,5.0,166.0,1.0,,1.0,
161299731,Flat,Flat,False,2.100.000 €,2100000,580.000 €,España,Madrid,Madrid,Madrid, Madrid Capital,Retiro,Jerónimos,28014,40.41358,-3.690883,0,5.0,,8.0,1.0,,1.0,,3.0,214.0,1.0,,,
162971905,Flat,Flat,False,1.600.000 €,1600000,,España,Madrid,Madrid,Madrid, Madrid Capital,Retiro,Jerónimos,28014,40.41525,-3.691068,0,4.0,1.0,9.0,1.0,,,,3.0,166.0,,1.0,,
162971670,Flat,Flat,False,278.000 €,278000,,España,Madrid,Madrid,Madrid, Madrid Capital,Retiro,Estrella,28007,40.40892,-3.666807,0,1.0,3.0,8.0,,,1.0,,1.0,51.0,1.0,1.0,,1.0
162964594,Flat,Flat,False,350.000 €,350000,,España,Madrid,Madrid,Madrid, Madrid Capital,Retiro,Pacífico,28007,40.40386,-3.679942,1,1.0,3.0,6.0,,,1.0,,5.0,83.0,1.0,,,
156427651,Flat,Flat,False,2.650.000 €,2650000,300.000 €,España,Madrid,Madrid,Madrid, Madrid Capital,Retiro,Ibiza de Madrid,28009,40.41999,-3.679873,0,3.0,1.0,10.0,1.0,,1.0,,3.0,335.0,1.0,1.0,,
162960462,Flat,Flat,False,650.000 €,650000,45.000 €,España,Madrid,Madrid,Madrid, Madrid Capital,Retiro,Estrella,28007,40.41782,-3.668453,0,2.0,,6.0,1.0,,1.0,,3.0,94.0,1.0,,,
162882405,Apartment,Flat,False,175.000 €,175000,,España,Madrid,Madrid,Madrid, Madrid Capital,Retiro,Adelfas,28007,40.40278,-3.668995,0,1.0,3.0,3.0,1.0,,1.0,,1.0,37.0,1.0,,,
162951931,Flat,Flat,False,269.000 €,269000,16.000 €,España,Madrid,Madrid,Madrid, Madrid Capital,Retiro,Niño Jesús,28007,40.41346,-3.670624,0,1.0,,,,,,,1.0,46.0,,,,
157440268,Flat,Flat,False,990.000 €,990000,,España,Madrid,Madrid,Madrid, Madrid Capital,Retiro,Ibiza de Madrid,28009,40.41765,-3.675893,0,2.0,3.0,8.0,,,1.0,1.0,4.0,205.0,1.0,,,
162941081,Flat,Flat,False,795.000 €,795000,,España,Madrid,Madrid,Madrid, Madrid Capital,Retiro,Ibiza de Madrid,28009,40.41718,-3.674659,0,2.0,1.0,11.0,,,1.0,,2.0,95.0,,1.0,,
162937347,Flat,Flat,False,250.000 €,250000,,España,Madrid,Madrid,Madrid, Madrid Capital,Retiro,Adelfas,28007,40.39812,-3.672641,1,1.0,2.0,,1.0,,1.0,,1.0,63.0,1.0,,1.0,1.0
162933705,GroundFloorWithGarden,Flat,False,445.000 €,445000,,España,Madrid,Madrid,Madrid, Madrid Capital,Retiro,Ibiza de Madrid,28009,40.41945,-3.67829,1,2.0,2.0,,,,,,1.0,89.0,1.0,,,
162926791,Flat,Flat,False,189.500 €,189500,,España,Madrid,Madrid,Madrid, Madrid Capital,Retiro,Adelfas,28007,40.39971,-3.670999,0,1.0,,6.0,1.0,,1.0,,1.0,48.0,1.0,,,
162925286,Flat,Flat,False,985.000 €,985000,,España,Madrid,Madrid,Madrid, Madrid Capital,Retiro,Niño Jesús,28009,40.41257,-3.6725,1,3.0,2.0,,1.0,,1.0,,4.0,195.0,1.0,1.0,,
162719687,Flat,Flat,False,1.399.859 €,1399859,,España,Madrid,Madrid,Madrid, Madrid Capital,Retiro,Jerónimos,28014,40.40788,-3.689551,0,2.0,2.0,9.0,,,1.0,1.0,5.0,230.0,,,,
161122204,Flat,Flat,False,630.000 €,630000,95.700 €,España,Madrid,Madrid,Madrid, Madrid Capital,Retiro,Pacífico,28007,40.40262,-3.678651,0,1.0,2.0,6.0,,,1.0,1.0,3.0,185.0,,,,
162905910,Flat,Flat,False,590.000 €,590000,,España,Madrid,Madrid,Madrid, Madrid Capital,Retiro,Jerónimos,28014,40.40738,-3.681616,0,2.0,3.0,10.0,,,1.0,,5.0,166.0,1.0,1.0,,
162541087,Flat,Flat,False,525.000 €,525000,,España,Madrid,Madrid,Madrid, Madrid Capital,Retiro,Pacífico,28014,40.40593,-3.680951,1,2.0,3.0,,1.0,,1.0,,4.0,105.0,1.0,,,
162894527,Flat,Flat,False,195.000 €,195000,,España,Madrid,Madrid,Madrid, Madrid Capital,Retiro,Pacífico,28007,40.40277,-3.675229,1,1.0,,,1.0,,1.0,,3.0,67.0,1.0,,,
160496512,Flat,Flat,False,630.000 €,630000,95.700 €,España,Madrid,Madrid,Madrid, Madrid Capital,Retiro,Pacífico,28007,40.40279,-3.679443,0,1.0,,6.0,,,,,3.0,185.0,,,,
162874099,Flat,Flat,False,846.500 €,846500,,España,Madrid,Madrid,Madrid, Madrid Capital,Retiro,Niño Jesús,28007,40.40968,-3.67101,0,3.0,1.0,7.0,1.0,,1.0,,3.0,179.0,1.0,1.0,1.0,
162873259,Flat,Flat,False,4.260.000 €,4260000,,España,Madrid,Madrid,Madrid, Madrid Capital,Retiro,Jerónimos,28014,40.41931,-3.690643,0,5.0,4.0,3.0,1.0,,1.0,1.0,7.0,355.0,1.0,,,
162871094,Flat,Flat,False,549.999 €,549999,,España,Madrid,Madrid,Madrid, Madrid Capital,Retiro,Adelfas,28007,40.39922,-3.674008,0,2.0,,7.0,1.0,1.0,1.0,,3.0,104.0,,,,
147721049,Flat,Flat,False,480.000 €,480000,,España,Madrid,Madrid,Madrid, Madrid Capital,Retiro,Pacífico,28007,40.40343,-3.678703,1,2.0,3.0,6.0,,1.0,1.0,,4.0,110.0,,,,
162864339,Flat,Flat,False,340.000 €,340000,,España,Madrid,Madrid,Madrid, Madrid Capital,Retiro,Niño Jesús,28009,40.41572,-3.675883,0,1.0,4.0,3.0,1.0,,1.0,,2.0,72.0,,,,
162834581,Flat,Flat,False,850.000 €,850000,,España,Madrid,Madrid,Madrid, Madrid Capital,Retiro,Ibiza de Madrid,28009,40.41943,-3.67612,1,2.0,4.0,,,,1.0,1.0,5.0,169.0,1.0,,,
162620208,Flat,Flat,False,595.000 €,595000,55.000 €,España,Madrid,Madrid,Madrid, Madrid Capital,Retiro,Pacífico,28007,40.40509,-3.682405,0,3.0,,6.0,,,,,4.0,195.0,,,,
162817981,Flat,Flat,False,779.000 €,779000,,España,Madrid,Madrid,Madrid, Madrid Capital,Retiro,Niño Jesús,28007,40.41116,-3.671531,0,2.0,2.0,3.0,,,1.0,,3.0,155.0,1.0,1.0,,
162807166,Flat,Flat,False,196.000 €,196000,,España,Madrid,Madrid,Madrid, Madrid Capital,Retiro,Ibiza de Madrid,28009,40.41689,-3.677258,0,1.0,3.0,4.0,,,1.0,,2.0,44.0,1.0,,,
162805167,Flat,Flat,False,1.590.000 €,1590000,,España,Madrid,Madrid,Madrid, Madrid Capital,Retiro,Jerónimos,28001,40.41996,-3.688029,0,2.0,1.0,9.0,1.0,,1.0,,3.0,153.0,1.0,1.0,,
158116770,Flat,Flat,False,444.000 €,444000,,España,Madrid,Madrid,Madrid, Madrid Capital,Retiro,Ibiza de Madrid,28009,40.41525,-3.672739,0,1.0,2.0,9.0,1.0,,1.0,,2.0,46.0,,,,
162585356,Flat,Flat,False,680.000 €,680000,,España,Madrid,Madrid,Madrid, Madrid Capital,Retiro,Niño Jesús,28009,40.41171,-3.670503,0,2.0,2.0,6.0,1.0,,1.0,,2.0,87.0,1.0,,1.0,
161847602,Flat,Flat,False,689.000 €,689000,,España,Madrid,Madrid,Madrid, Madrid Capital,Retiro,Ibiza de Madrid,28009,40.4179,-3.67797,1,2.0,,8.0,,,1.0,,2.0,97.0,,,,
162222887,Flat,Flat,False,489.000 €,489000,30.000 €,España,Madrid,Madrid,Madrid, Madrid Capital,Retiro,Ibiza de Madrid,28009,40.41666,-3.676,0,2.0,,3.0,1.0,,1.0,,2.0,93.0,1.0,,,
161974706,Flat,Flat,False,605.000 €,605000,,España,Madrid,Madrid,Madrid, Madrid Capital,Retiro,Pacífico,28007,40.4008,-3.675837,0,2.0,3.0,9.0,1.0,,1.0,,4.0,132.0,,,1.0,
162346856,Flat,Flat,False,2.500.000 €,2500000,,España,Madrid,Madrid,Madrid, Madrid Capital,Retiro,Jerónimos,28014,40.41499,-3.689748,0,3.0,,7.0,1.0,,1.0,1.0,4.0,255.0,1.0,1.0,,
157105833,Flat,Flat,False,990.000 €,990000,,España,Madrid,Madrid,Madrid, Madrid Capital,Retiro,Ibiza de Madrid,28009,40.41735,-3.676497,0,2.0,3.0,8.0,,,1.0,1.0,4.0,205.0,1.0,,,
157126923,Flat,Flat,False,645.000 €,645000,45.000 €,España,Madrid,Madrid,Madrid, Madrid Capital,Retiro,Jerónimos,28014,40.41395,-3.690773,0,2.0,4.0,7.0,,,1.0,,3.0,100.0,1.0,,,
158096900,Flat,Flat,False,990.000 €,990000,,España,Madrid,Madrid,Madrid, Madrid Capital,Retiro,Ibiza de Madrid,28009,40.41663,-3.676732,0,2.0,3.0,8.0,,,1.0,1.0,4.0,205.0,1.0,,,
160516919,Attic,Flat,False,740.000 €,740000,50.000 €,España,Madrid,Madrid,Madrid, Madrid Capital,Retiro,Pacífico,28007,40.40146,-3.67611,0,2.0,1.0,10.0,1.0,,1.0,,4.0,225.0,1.0,1.0,,
157676112,Flat,Flat,False,2.200.000 €,2200000,,España,Madrid,Madrid,Madrid, Madrid Capital,Retiro,Jerónimos,28014,40.4157,-3.692981,0,3.0,3.0,4.0,1.0,,1.0,1.0,4.0,224.0,1.0,,,
161758195,Flat,Flat,False,537.000 €,537000,,España,Madrid,Madrid,Madrid, Madrid Capital,Retiro,Niño Jesús,28009,40.41504,-3.67283,0,2.0,,,,,1.0,,3.0,115.0,1.0,,,
161736179,Flat,Flat,False,420.000 €,420000,,España,Madrid,Madrid,Madrid, Madrid Capital,Retiro,Jerónimos,28014,40.4096,-3.691191,0,1.0,,,,,,,3.0,75.0,,1.0,,
157721782,Flat,Flat,False,3.000.000 €,3000000,,España,Madrid,Madrid,Madrid, Madrid Capital,Retiro,Jerónimos,28014,40.41371,-3.691722,0,3.0,2.0,9.0,1.0,,,,3.0,245.0,1.0,,,
158389281,Flat,Flat,False,265.000 €,265000,12.500 €,España,Madrid,Madrid,Madrid, Madrid Capital,Retiro,Ibiza de Madrid,28009,40.41921,-3.67597,1,1.0,3.0,6.0,1.0,,1.0,,2.0,49.0,1.0,,,
155626725,Flat,Flat,False,3.050.000 €,3050000,50.000 €,España,Madrid,Madrid,Madrid, Madrid Capital,Retiro,Jerónimos,28014,40.41451,-3.690445,0,4.0,2.0,9.0,1.0,,1.0,,3.0,250.0,1.0,,,
158430475,Flat,Flat,False,1.200.000 €,1200000,,España,Madrid,Madrid,Madrid, Madrid Capital,Retiro,Jerónimos,28014,40.41698,-3.69171,0,3.0,3.0,4.0,1.0,,1.0,,3.0,158.0,,,,
158235287,Flat,Flat,False,990.000 €,990000,,España,Madrid,Madrid,Madrid, Madrid Capital,Retiro,Ibiza de Madrid,28009,40.41623,-3.677223,0,2.0,3.0,8.0,,,1.0,1.0,4.0,205.0,1.0,,,
158281933,Flat,Flat,False,820.000 €,820000,,España,Madrid,Madrid,Madrid, Madrid Capital,Retiro,Niño Jesús,28009,40.41069,-3.669311,0,2.0,2.0,6.0,1.0,,1.0,,2.0,179.0,1.0,,1.0,
160179785,Flat,Flat,False,699.000 €,699000,,España,Madrid,Madrid,Madrid, Madrid Capital,Retiro,Ibiza de Madrid,28009,40.41801,-3.673449,0,2.0,1.0,8.0,1.0,,1.0,,2.0,113.0,1.0,1.0,,
157874317,Flat,Flat,False,2.400.000 €,2400000,200.000 €,España,Madrid,Madrid,Madrid, Madrid Capital,Retiro,Ibiza de Madrid,28009,40.42203,-3.679188,0,3.0,2.0,,1.0,,1.0,,4.0,283.0,1.0,1.0,,
156947200,Flat,Flat,False,430.500 €,430500,,España,Madrid,Madrid,Madrid, Madrid Capital,Retiro,Pacífico,28007,40.40682,-3.673391,1,2.0,,11.0,,,1.0,,2.0,104.0,1.0,,,
162384311,Flat,Flat,False,1.490.000 €,1490000,,España,Madrid,Madrid,Madrid, Madrid Capital,Retiro,Niño Jesús,28007,40.40963,-3.671778,0,2.0,2.0,10.0,,1.0,1.0,,3.0,198.0,,,,
160539768,Flat,Flat,False,1.500.000 €,1500000,,España,Madrid,Madrid,Madrid, Madrid Capital,Retiro,Jerónimos,28014,40.41389,-3.694627,0,3.0,1.0,4.0,1.0,1.0,1.0,,3.0,194.0,,,,
161003251,Flat,Flat,False,279.000 €,279000,26.000 €,España,Madrid,Madrid,Madrid, Madrid Capital,Retiro,Estrella,28007,40.40647,-3.667305,0,1.0,,7.0,,,,,3.0,72.0,,,,
159607958,Flat,Flat,False,650.000 €,650000,65.000 €,España,Madrid,Madrid,Madrid, Madrid Capital,Retiro,Ibiza de Madrid,28009,40.41804,-3.673448,0,2.0,1.0,8.0,1.0,,1.0,,2.0,113.0,1.0,1.0,,
162542940,Flat,Flat,False,574.999 €,574999,,España,Madrid,Madrid,Madrid, Madrid Capital,Retiro,Pacífico,28007,40.40611,-3.675411,0,2.0,,8.0,,,1.0,,5.0,160.0,1.0,,,
161627550,Flat,Flat,False,610.000 €,610000,69.000 €,España,Madrid,Madrid,Madrid, Madrid Capital,Retiro,Niño Jesús,28009,40.41661,-3.67144,0,2.0,,8.0,,,1.0,,4.0,125.0,1.0,,,
157930092,Flat,Flat,False,990.000 €,990000,,España,Madrid,Madrid,Madrid, Madrid Capital,Retiro,Ibiza de Madrid,28009,40.41818,-3.674372,0,2.0,3.0,8.0,,,1.0,1.0,4.0,205.0,1.0,,,
162170286,Flat,Flat,False,279.000 €,279000,10.000 €,España,Madrid,Madrid,Madrid, Madrid Capital,Retiro,Estrella,28007,40.40654,-3.66771,0,1.0,,7.0,,,1.0,,3.0,72.0,,,,
155878281,Flat,Flat,False,244.000 €,244000,3.000 €,España,Madrid,Madrid,Madrid, Madrid Capital,Retiro,Pacífico,28007,40.40415,-3.679509,0,1.0,2.0,,,,1.0,,2.0,65.0,1.0,,,
159982573,Flat,Flat,False,699.000 €,699000,,España,Madrid,Madrid,Madrid, Madrid Capital,Retiro,Ibiza de Madrid,28009,40.41804,-3.673417,0,2.0,1.0,8.0,1.0,,1.0,,2.0,113.0,1.0,1.0,,
161172539,Flat,Flat,False,279.000 €,279000,26.000 €,España,Madrid,Madrid,Madrid, Madrid Capital,Retiro,Estrella,28007,40.40718,-3.665109,0,1.0,,7.0,,,,,3.0,72.0,,,,
161820699,Flat,Flat,False,950.000 €,950000,,España,Madrid,Madrid,Madrid, Madrid Capital,Retiro,Jerónimos,28009,40.41764,-3.6793,0,2.0,3.0,6.0,1.0,,1.0,,,164.0,1.0,,,
160875400,Flat,Flat,False,279.000 €,279000,36.000 €,España,Madrid,Madrid,Madrid, Madrid Capital,Retiro,Estrella,28007,40.40803,-3.665024,0,1.0,,7.0,,,1.0,,3.0,72.0,1.0,,,
158859629,Flat,Flat,False,194.995 €,194995,75.005 €,España,Madrid,Madrid,Madrid, Madrid Capital,Retiro,Pacífico,28007,40.40297,-3.675236,0,1.0,3.0,3.0,,,,,3.0,67.0,1.0,,,
159982460,Flat,Flat,False,740.000 €,740000,,España,Madrid,Madrid,Madrid, Madrid Capital,Retiro,Niño Jesús,28009,40.41369,-3.67655,0,2.0,2.0,10.0,1.0,,1.0,,4.0,150.0,1.0,,,
160831253,Flat,Flat,False,630.000 €,630000,95.700 €,España,Madrid,Madrid,Madrid, Madrid Capital,Retiro,Pacífico,28007,40.40296,-3.678139,0,1.0,,6.0,,,1.0,,1.0,185.0,1.0,,,
161736866,Flat,Flat,False,1.150.000 €,1150000,,España,Madrid,Madrid,Madrid, Madrid Capital,Retiro,Niño Jesús,28009,40.41153,-3.673948,0,3.0,,,,,1.0,,5.0,279.0,,,,
161872871,Flat,Flat,False,420.000 €,420000,,España,Madrid,Madrid,Madrid, Madrid Capital,Retiro,Pacífico,28007,40.40479,-3.672861,0,2.0,,10.0,,,1.0,,4.0,104.0,1.0,1.0,,
157786090,Flat,Flat,False,645.000 €,645000,54.000 €,España,Madrid,Madrid,Madrid, Madrid Capital,Retiro,Estrella,28007,40.41941,-3.667979,0,2.0,,9.0,1.0,,1.0,,3.0,102.0,1.0,1.0,,1.0
160083084,Flat,Flat,False,425.000 €,425000,,España,Madrid,Madrid,Madrid, Madrid Capital,Retiro,Estrella,28007,40.41111,-3.668993,0,1.0,1.0,6.0,1.0,,1.0,,1.0,52.0,,,1.0,
160538266,Flat,Flat,False,699.000 €,699000,,España,Madrid,Madrid,Madrid, Madrid Capital,Retiro,Ibiza de Madrid,28009,40.41804,-3.673354,0,2.0,1.0,8.0,1.0,,1.0,,2.0,113.0,1.0,1.0,,
162764062,Flat,Flat,False,585.000 €,585000,,España,Madrid,Madrid,Madrid, Madrid Capital,Retiro,Pacífico,28007,40.40391,-3.67702,1,1.0,2.0,,,,1.0,1.0,4.0,140.0,1.0,1.0,,
162762263,Flat,Flat,False,565.000 €,565000,35.000 €,España,Madrid,Madrid,Madrid, Madrid Capital,Retiro,Pacífico,28007,40.40704,-3.676989,0,2.0,3.0,8.0,,,1.0,,5.0,163.0,1.0,1.0,,
156799539,Flat,Flat,False,795.000 €,795000,,España,Madrid,Madrid,Madrid, Madrid Capital,Retiro,Ibiza de Madrid,28009,40.41866,-3.672843,0,2.0,1.0,6.0,1.0,,1.0,,3.0,146.0,1.0,,,
158655234,Flat,Flat,False,849.000 €,849000,16.000 €,España,Madrid,Madrid,Madrid, Madrid Capital,Retiro,Niño Jesús,28007,40.40891,-3.676808,0,3.0,3.0,17.0,,,1.0,,4.0,188.0,1.0,1.0,,
160500861,Flat,Flat,False,699.000 €,699000,,España,Madrid,Madrid,Madrid, Madrid Capital,Retiro,Ibiza de Madrid,28009,40.41788,-3.673254,0,2.0,1.0,8.0,1.0,,1.0,,2.0,113.0,1.0,1.0,,
161675855,Flat,Flat,False,1.799.000 €,1799000,121.000 €,España,Madrid,Madrid,Madrid, Madrid Capital,Retiro,Ibiza de Madrid,28009,40.42112,-3.669278,0,4.0,,4.0,,,1.0,,7.0,460.0,1.0,1.0,1.0,
160538168,Flat,Flat,False,740.000 €,740000,,España,Madrid,Madrid,Madrid, Madrid Capital,Retiro,Niño Jesús,28009,40.41666,-3.674786,0,2.0,2.0,10.0,1.0,,1.0,,4.0,150.0,1.0,,,
162673028,Flat,Flat,False,590.000 €,590000,,España,Madrid,Madrid,Madrid, Madrid Capital,Retiro,Pacífico,28007,40.4059,-3.675736,0,2.0,,7.0,,,1.0,,4.0,174.0,,,,
162097403,Flat,Flat,False,370.000 €,370000,15.000 €,España,Madrid,Madrid,Madrid, Madrid Capital,Retiro,Ibiza de Madrid,28009,40.4209,-3.678828,0,1.0,,,1.0,,1.0,,2.0,75.0,,,,
156729473,Flat,Flat,False,1.500.000 €,1500000,,España,Madrid,Madrid,Madrid, Madrid Capital,Retiro,Jerónimos,28014,40.40826,-3.688858,0,3.0,1.0,,1.0,1.0,1.0,,2.0,157.0,,,,
160546510,Flat,Flat,False,795.000 €,795000,,España,Madrid,Madrid,Madrid, Madrid Capital,Retiro,Ibiza de Madrid,28009,40.42233,-3.672435,0,2.0,1.0,6.0,1.0,1.0,1.0,,3.0,146.0,,,,
161055456,House_Chalet,Flat,False,630.000 €,630000,95.700 €,España,Madrid,Madrid,Madrid, Madrid Capital,Retiro,Pacífico,28007,40.40316,-3.67809,1,1.0,2.0,6.0,,,,1.0,3.0,172.0,1.0,1.0,,
161489061,Flat,Flat,False,498.000 €,498000,27.000 €,España,Madrid,Madrid,Madrid, Madrid Capital,Retiro,Estrella,28007,40.40703,-3.669165,0,2.0,,11.0,1.0,,1.0,,3.0,116.0,1.0,,,
154759759,Attic,Flat,False,2.050.000 €,2050000,450.000 €,España,Madrid,Madrid,Madrid, Madrid Capital,Retiro,Jerónimos,28014,40.41982,-3.688107,0,4.0,1.0,11.0,,,1.0,,3.0,240.0,1.0,1.0,,
162723000,Attic,Flat,False,750.000 €,750000,15.000 €,España,Madrid,Madrid,Madrid, Madrid Capital,Retiro,Estrella,28007,40.41163,-3.66341,1,3.0,4.0,,1.0,,1.0,1.0,4.0,172.0,1.0,1.0,,
162702838,Flat,Flat,False,4.700.000 €,4700000,,España,Madrid,Madrid,Madrid, Madrid Capital,Retiro,Jerónimos,28001,40.41835,-3.687603,0,4.0,3.0,8.0,,,,,4.0,400.0,,,,
162699484,Flat,Flat,False,810.000 €,810000,60.000 €,España,Madrid,Madrid,Madrid, Madrid Capital,Retiro,Ibiza de Madrid,28009,40.41801,-3.677406,0,2.0,,,,,1.0,,,115.0,1.0,,,
159084356,Apartment,Flat,False,175.000 €,175000,15.000 €,España,Madrid,Madrid,Madrid, Madrid Capital,Retiro,Pacífico,28007,40.40289,-3.679017,0,1.0,,9.0,1.0,,1.0,,1.0,38.0,1.0,,,
162666510,Flat,Flat,False,615.000 €,615000,,España,Madrid,Madrid,Madrid, Madrid Capital,Retiro,Estrella,28007,40.40994,-3.665007,0,2.0,3.0,7.0,1.0,,1.0,,3.0,131.0,1.0,,,
162659123,Flat,Flat,False,415.000 €,415000,,España,Madrid,Madrid,Madrid, Madrid Capital,Retiro,Estrella,28007,40.40738,-3.66987,1,1.0,4.0,,,,1.0,,3.0,98.0,1.0,1.0,,
160451694,Flat,Flat,False,610.000 €,610000,,España,Madrid,Madrid,Madrid, Madrid Capital,Retiro,Jerónimos,28014,40.40818,-3.68879,0,2.0,,6.0,,,,,4.0,187.0,,,,
161667804,Flat,Flat,False,400.000 €,400000,,España,Madrid,Madrid,Madrid, Madrid Capital,Retiro,Ibiza de Madrid,28009,40.41787,-3.671913,0,1.0,2.0,11.0,1.0,,1.0,,2.0,90.0,1.0,,,
160151701,Flat,Flat,False,770.000 €,770000,,España,Madrid,Madrid,Madrid, Madrid Capital,Retiro,Jerónimos,28014,40.40686,-3.68281,1,2.0,,9.0,1.0,,1.0,1.0,3.0,152.0,1.0,1.0,,
162580153,Flat,Flat,False,540.000 €,540000,,España,Madrid,Madrid,Madrid, Madrid Capital,Retiro,Pacífico,28007,40.40452,-3.68197,1,2.0,4.0,,,,1.0,1.0,4.0,164.0,,,,
162040056,Flat,Flat,False,211.000 €,211000,38.000 €,España,Madrid,Madrid,Madrid, Madrid Capital,Retiro,Jerónimos,28014,40.40723,-3.683511,0,1.0,,3.0,,,1.0,,1.0,40.0,1.0,,,
162417947,Flat,Flat,False,400.000 €,400000,,España,Madrid,Madrid,Madrid, Madrid Capital,Retiro,Pacífico,28007,40.40485,-3.68304,1,1.0,2.0,,1.0,,1.0,,2.0,75.0,1.0,1.0,,
161534598,Flat,Flat,False,6.900.000 €,6900000,600.000 €,España,Madrid,Madrid,Madrid, Madrid Capital,Retiro,Jerónimos,28001,40.4213,-3.683426,0,4.0,4.0,7.0,1.0,,1.0,,6.0,623.0,1.0,1.0,,
161640652,Flat,Flat,False,1.550.000 €,1550000,,España,Madrid,Madrid,Madrid, Madrid Capital,Retiro,Jerónimos,28014,40.41787,-3.690928,0,4.0,4.0,9.0,1.0,,1.0,,4.0,175.0,,,,
159284848,Loft,Flat,False,245.000 €,245000,40.000 €,España,Madrid,Madrid,Madrid, Madrid Capital,Retiro,Pacífico,28007,40.40509,-3.677042,0,2.0,,3.0,1.0,,1.0,,,165.0,,,,
162322853,Flat,Flat,False,649.000 €,649000,,España,Madrid,Madrid,Madrid, Madrid Capital,Retiro,Niño Jesús,28007,40.40784,-3.67036,1,2.0,8.0,,,,1.0,,4.0,150.0,1.0,,,
162282790,Flat,Flat,False,910.000 €,910000,,España,Madrid,Madrid,Madrid, Madrid Capital,Retiro,Ibiza de Madrid,28009,40.41852,-3.675978,0,2.0,3.0,6.0,,,1.0,,5.0,180.0,,,,
157184988,Flat,Flat,False,1.900.000 €,1900000,,España,Madrid,Madrid,Madrid, Madrid Capital,Retiro,Jerónimos,28014,40.41191,-3.691771,0,3.0,4.0,7.0,,,1.0,1.0,5.0,221.0,,,,
157282987,Attic,Flat,False,2.100.000 €,2100000,400.000 €,España,Madrid,Madrid,Madrid, Madrid Capital,Retiro,Jerónimos,28014,40.41905,-3.692122,0,4.0,3.0,11.0,1.0,,1.0,,3.0,236.0,1.0,1.0,,
161753247,Flat,Flat,False,389.000 €,389000,,España,Madrid,Madrid,Madrid, Madrid Capital,Retiro,Pacífico,28014,40.40585,-3.68078,0,1.0,4.0,8.0,,,1.0,,3.0,97.0,,,,
162205375,Flat,Flat,False,697.000 €,697000,,España,Madrid,Madrid,Madrid, Madrid Capital,Retiro,Ibiza de Madrid,28009,40.41748,-3.67139,1,2.0,8.0,,1.0,,1.0,,3.0,115.0,1.0,,,
159302391,Flat,Flat,False,430.500 €,430500,,España,Madrid,Madrid,Madrid, Madrid Capital,Retiro,Pacífico,28007,40.4088,-3.673651,0,2.0,,11.0,,,,,2.0,104.0,,,,
162114205,Flat,Flat,False,1.600.000 €,1600000,,España,Madrid,Madrid,Madrid, Madrid Capital,Retiro,Ibiza de Madrid,28009,40.41988,-3.676231,0,3.0,,10.0,,,1.0,,6.0,250.0,,,,
160086010,Flat,Flat,False,425.000 €,425000,,España,Madrid,Madrid,Madrid, Madrid Capital,Retiro,Estrella,28007,40.41196,-3.67112,0,1.0,,6.0,1.0,,1.0,,1.0,55.0,1.0,,,
161989208,Flat,Flat,False,399.000 €,399000,,España,Madrid,Madrid,Madrid, Madrid Capital,Retiro,Estrella,28007,40.41991,-3.666284,0,1.0,3.0,,1.0,,1.0,,2.0,73.0,,,,
161948540,Flat,Flat,False,189.500 €,189500,,España,Madrid,Madrid,Madrid, Madrid Capital,Retiro,Adelfas,28007,40.39907,-3.67003,1,1.0,2.0,,,,,,1.0,55.0,,,,
161280843,Duplex,Flat,False,2.450.000 €,2450000,,España,Madrid,Madrid,Madrid, Madrid Capital,Retiro,Ibiza de Madrid,28009,40.42339,-3.67705,0,3.0,,13.0,,1.0,1.0,,3.0,278.0,,,,
161827530,Flat,Flat,False,600.000 €,600000,,España,Madrid,Madrid,Madrid, Madrid Capital,Retiro,Jerónimos,28014,40.40747,-3.68024,1,2.0,2.0,,1.0,,1.0,,4.0,155.0,1.0,1.0,1.0,
161801062,Flat,Flat,False,285.000 €,285000,,España,Madrid,Madrid,Madrid, Madrid Capital,Retiro,Pacífico,28007,40.40658,-3.67565,1,1.0,4.0,,1.0,,1.0,,3.0,76.0,1.0,,,
161786344,Flat,Flat,False,535.000 €,535000,,España,Madrid,Madrid,Madrid, Madrid Capital,Retiro,Ibiza de Madrid,28009,40.41672,-3.67023,1,2.0,4.0,,,,1.0,,3.0,120.0,1.0,,,
160293661,Flat,Flat,False,479.000 €,479000,,España,Madrid,Madrid,Madrid, Madrid Capital,Retiro,Niño Jesús,28007,40.40911,-3.675946,1,2.0,,6.0,1.0,,1.0,,2.0,68.0,1.0,,,
161366073,Flat,Flat,False,525.000 €,525000,,España,Madrid,Madrid,Madrid, Madrid Capital,Retiro,Estrella,28007,40.40691,-3.66906,1,2.0,,,1.0,,1.0,,3.0,120.0,1.0,,,
161359268,Attic,Flat,False,830.000 €,830000,,España,Madrid,Madrid,Madrid, Madrid Capital,Retiro,Jerónimos,28014,40.40856,-3.680711,1,2.0,3.0,,1.0,,1.0,,4.0,156.0,1.0,1.0,1.0,
161276893,Flat,Flat,False,600.000 €,600000,,España,Madrid,Madrid,Madrid, Madrid Capital,Retiro,Ibiza de Madrid,28009,40.41905,-3.676096,0,2.0,,6.0,1.0,,1.0,,4.0,105.0,,,,
159728160,Flat,Flat,False,1.900.000 €,1900000,,España,Madrid,Madrid,Madrid, Madrid Capital,Retiro,Jerónimos,28014,40.41402,-3.690146,0,,4.0,7.0,,,,,,200.0,,,,
160490806,Duplex,Flat,False,1.500.000 €,1500000,,España,Madrid,Madrid,Madrid, Madrid Capital,Retiro,Jerónimos,28014,40.40921,-3.689776,0,4.0,3.0,9.0,1.0,,1.0,1.0,4.0,250.0,1.0,1.0,,
161208889,Flat,Flat,False,465.000 €,465000,,España,Madrid,Madrid,Madrid, Madrid Capital,Retiro,Pacífico,28007,40.40402,-3.67767,1,2.0,,,,,1.0,,6.0,120.0,,,,
160518386,Duplex,Flat,False,3.500.000 €,3500000,,España,Madrid,Madrid,Madrid, Madrid Capital,Retiro,Jerónimos,28014,40.41769,-3.690998,0,2.0,4.0,6.0,1.0,,1.0,1.0,3.0,476.0,,,,
161157027,Flat,Flat,False,520.000 €,520000,,España,Madrid,Madrid,Madrid, Madrid Capital,Retiro,Adelfas,28007,40.40461,-3.66744,1,2.0,2.0,,1.0,,1.0,,2.0,121.0,1.0,1.0,1.0,
161043554,Flat,Flat,False,2.300.000 €,2300000,,España,Madrid,Madrid,Madrid, Madrid Capital,Retiro,Jerónimos,28014,40.41831,-3.693004,0,4.0,1.0,,,,,,4.0,390.0,1.0,1.0,1.0,
160517928,Flat,Flat,False,1.200.000 €,1200000,,España,Madrid,Madrid,Madrid, Madrid Capital,Retiro,Jerónimos,28014,40.41792,-3.690512,0,3.0,1.0,4.0,1.0,,1.0,,3.0,158.0,,,,
160592157,Attic,Flat,False,880.000 €,880000,,España,Madrid,Madrid,Madrid, Madrid Capital,Retiro,Ibiza de Madrid,28009,40.4181,-3.676195,0,2.0,,11.0,1.0,,1.0,,2.0,138.0,1.0,1.0,,
157940564,Flat,Flat,False,310.500 €,310500,,España,Madrid,Madrid,Madrid, Madrid Capital,Retiro,Pacífico,28007,40.40494,-3.675731,0,2.0,3.0,3.0,,,,,3.0,78.0,,,,
153399940,Flat,Flat,False,516.681 €,516681,,España,Madrid,Madrid,Madrid, Madrid Capital,Retiro,Pacífico,28007,40.40603,-3.67818,1,2.0,2.0,3.0,,,1.0,,2.0,117.0,,,,
160543309,Flat,Flat,False,880.000 €,880000,,España,Madrid,Madrid,Madrid, Madrid Capital,Retiro,Estrella,28007,40.4169,-3.66484,1,3.0,8.0,,1.0,,1.0,1.0,3.0,167.0,1.0,,1.0,
160586648,Flat,Flat,False,670.000 €,670000,,España,Madrid,Madrid,Madrid, Madrid Capital,Retiro,Pacífico,28007,40.40669,-3.6791,1,3.0,2.0,,1.0,,1.0,,4.0,164.0,1.0,1.0,,
158519959,Flat,Flat,False,670.000 €,670000,,España,Madrid,Madrid,Madrid, Madrid Capital,Retiro,Pacífico,28007,40.40352,-3.679795,0,2.0,,,,,1.0,,3.0,106.0,,,,
160314400,Flat,Flat,False,640.000 €,640000,,España,Madrid,Madrid,Madrid, Madrid Capital,Retiro,Ibiza de Madrid,28009,40.41833,-3.677587,1,2.0,,,1.0,,1.0,,4.0,120.0,1.0,,,
159720235,Attic,Flat,False,800.000 €,800000,,España,Madrid,Madrid,Madrid, Madrid Capital,Retiro,Niño Jesús,28007,40.41034,-3.669971,1,2.0,3.0,,1.0,,1.0,1.0,4.0,150.0,1.0,1.0,,
153581613,Flat,Flat,False,2.200.000 €,2200000,,España,Madrid,Madrid,Madrid, Madrid Capital,Retiro,Jerónimos,28014,40.41532,-3.692201,0,2.0,,4.0,,,,1.0,5.0,230.0,,,,
158997982,Flat,Flat,False,340.000 €,340000,,España,Madrid,Madrid,Madrid, Madrid Capital,Retiro,Pacífico,28007,40.40596,-3.67793,1,1.0,3.0,,,,1.0,,3.0,86.0,1.0,1.0,,
155739203,Flat,Flat,False,515.000 €,515000,,España,Madrid,Madrid,Madrid, Madrid Capital,Retiro,Jerónimos,28014,40.40748,-3.680638,0,2.0,4.0,6.0,,,1.0,,4.0,155.0,1.0,,,
153100070,Flat,Flat,False,1.125.000 €,1125000,,España,Madrid,Madrid,Madrid, Madrid Capital,Retiro,Ibiza de Madrid,28009,40.41963,-3.674712,0,4.0,,,,,,,5.0,239.0,1.0,1.0,,
157735253,Flat,Flat,False,320.000 €,320000,,España,Madrid,Madrid,Madrid, Madrid Capital,Retiro,Niño Jesús,28009,40.41565,-3.67604,1,1.0,,,,,1.0,,3.0,60.0,1.0,,,
157597805,Flat,Flat,False,444.000 €,444000,,España,Madrid,Madrid,Madrid, Madrid Capital,Retiro,Niño Jesús,28007,40.41645,-3.66953,1,1.0,,,,,1.0,,2.0,45.0,1.0,,,
157512833,Flat,Flat,False,849.000 €,849000,,España,Madrid,Madrid,Madrid, Madrid Capital,Retiro,Niño Jesús,28007,40.40882,-3.67668,1,3.0,3.0,,,1.0,1.0,,4.0,135.0,,,1.0,1.0
157270414,Flat,Flat,False,500.000 €,500000,,España,Madrid,Madrid,Madrid, Madrid Capital,Retiro,Pacífico,28007,40.40669,-3.67218,1,2.0,,,,1.0,1.0,,4.0,120.0,,,,
156701559,Flat,Flat,False,399.000 €,399000,,España,Madrid,Madrid,Madrid, Madrid Capital,Retiro,Pacífico,28007,40.40705,-3.67788,1,2.0,,,,,1.0,,3.0,89.0,,,,
153604244,Flat,Flat,False,495.000 €,495000,,España,Madrid,Madrid,Madrid, Madrid Capital,Retiro,Estrella,28007,40.40937,-3.66951,1,1.0,1.0,,,,1.0,1.0,3.0,120.0,1.0,1.0,1.0,
148167275,Flat,Flat,False,425.000 €,425000,,España,Madrid,Madrid,Madrid, Madrid Capital,Retiro,Adelfas,28007,40.40209,-3.67056,1,2.0,1.0,,1.0,,1.0,,2.0,95.0,1.0,,1.0,
146670773,Flat,Flat,False,645.000 €,645000,,España,Madrid,Madrid,Madrid, Madrid Capital,Retiro,Pacífico,28007,40.40704,-3.67649,1,2.0,,,1.0,,1.0,,3.0,150.0,1.0,1.0,,
163014426,Flat,Flat,False,4.500.000 €,4500000,,España,Madrid,Madrid,Madrid, Madrid Capital,Retiro,Jerónimos,28014,40.42091,-3.690128,0,4.0,2.0,7.0,1.0,,1.0,1.0,5.0,407.0,1.0,,,
161776900,Flat,Flat,False,360.000 €,360000,,España,Madrid,Madrid,Madrid, Madrid Capital,Retiro,Pacífico,28007,40.40447,-3.67869,1,1.0,2.0,,,,1.0,,1.0,71.0,1.0,,,
155871991,Flat,Flat,False,595.000 €,595000,,España,Madrid,Madrid,Madrid, Madrid Capital,Retiro,Adelfas,28007,40.40525,-3.66714,1,2.0,,,1.0,,1.0,,4.0,145.0,1.0,,1.0,1.0
151833287,Flat,Flat,False,955.000 €,955000,,España,Madrid,Madrid,Madrid, Madrid Capital,Retiro,Adelfas,28007,40.40031,-3.66965,1,1.0,,,,,,,1.0,48.0,,,,
154614911,Flat,Flat,False,445.000 €,445000,,España,Madrid,Madrid,Madrid, Madrid Capital,Retiro,Ibiza de Madrid,28009,40.4182,-3.675778,0,1.0,2.0,9.0,1.0,,1.0,,2.0,46.0,,,,
