Nº Distrito;DISTRITO;BARRIO;PARQUES Y ZONAS VERDES DE DISTRITO CON MAYOR SUPERFICIE;Superficie (m2);Superficie (ha)
01;CENTRO;PALACIO;PARQUE DE ATENAS;46.569,03;4,66
01;CENTRO;CORTES;Pº PRADO I;35.327,59;3,53
01;CENTRO;PALACIO;PARQUE DE LA CORNISA;22.633,04;2,26
01;CENTRO;EMBAJADORES;PARQUE CASINO DE LA REINA;19.858,92;1,99
01;CENTRO;JUSTICIA;Pº DE RECOLETOS I;19.440,71;1,94
01;CENTRO;PALACIO;JARDINES DE LAS VISTILLAS;12.108,31;1,21
01;CENTRO;PALACIO;CUESTA DE LOS CIEGOS;11.879,10;1,19
01;CENTRO;JUSTICIA;JARDINES DE LA PZA. DE LA VILLA DE PARIS;10.718,25;1,07
01;CENTRO;PALACIO;TALUD C/ SEGOVIA;9.985,49;1,00
01;CENTRO;EMBAJADORES;MERCADO PTA. DE TOLEDO;5.751,54;0,58
01;CENTRO;PALACIO;JARDIN DE LARRA;5.599,29;0,56
01;CENTRO;PALACIO;JARDINES DE LA PZA. DE GABRIEL MIRÓ;5.462,68;0,55
01;CENTRO;JUSTICIA;JARDINES ARQUITECTO RIBERA;4.778,92;0,48
02;ARGANZUELA;LEGAZPI;PARQUE ENRIQUE TIERNO GALVAN;401.396,67;40,14
02;ARGANZUELA;LEGAZPI;PARQUE DEL BRONCE PVF;28.817,89;2,88
02;ARGANZUELA;ACACIAS;PARQUE PEÑUELAS;27.401,64;2,74
02;ARGANZUELA;DELICIAS;PARQUE DE DELICIAS;26.882,72;2,69
02;ARGANZUELA;DELICIAS;PARQUE MIRADOR TIERNO GALVAN PVF;22.202,13;2,22
02;ARGANZUELA;DELICIAS;PARQUE RAMIREZ DE PRADO;20.878,86;2,09
02;ARGANZUELA;ATOCHA;A.P.R.02.06 'MENDEZ-ALVARO NORTE 1';13.312,62;1,33
02;ARGANZUELA;ATOCHA;ZV TEJO;12.599,98;1,26
02;ARGANZUELA;ATOCHA;ESTACION SUR - PERI 3/5;12.508,53;1,25
02;ARGANZUELA;ACACIAS;PARQUE PAPELERA PENINSULAR;11.800,32;1,18
02;ARGANZUELA;LEGAZPI;Z.V. PUERTO DE  BEJAR;11.565,81;1,16
02;ARGANZUELA;ACACIAS;URB. PAPELERA PENINSULAR - JARDINES;10.660,30;1,07
02;ARGANZUELA;ACACIAS;POL. DE YESERIAS FASES II Y III;10.365,81;1,04
02;ARGANZUELA;ACACIAS;JARDIN DEL RASTRO;8.998,75;0,90
02;ARGANZUELA;LEGAZPI;JARDINES DE RODIO-ONICE;8.976,19;0,90
02;ARGANZUELA;IMPERIAL;PARQUE IMPERIAL PVF;8.888,31;0,89
03;RETIRO;ESTRELLA;PARQUE DE ROMA;112.100,66;11,21
03;RETIRO;ADELFAS;PARQUE MARTIN LUTHER KING;33.719,57;3,37
03;RETIRO;ESTRELLA;M30 - C/ SIRIO;21.589,56;2,16
03;RETIRO;ESTRELLA;M30 - NUDO  O´DONNELL;17.435,24;1,74
03;RETIRO;ESTRELLA;JARDINES Pº JOHN LENNON;13.623,24;1,36
03;RETIRO;LOS JERONIMOS;JARDINES DEL MUSEO DEL PRADO;12.904,13;1,29
03;RETIRO;PACIFICO;PARQUE DE COCHERAS;9.573,37;0,96
03;RETIRO;LOS JERONIMOS;JARDINES PZA. DE LA LEALTAD;8.568,17;0,86
03;RETIRO;LOS JERONIMOS;PAR POETA ESTEBAN VILLEGAS;6.805,34;0,68
03;RETIRO;LOS JERONIMOS;PZA. DE MURILLO;5.526,19;0,55
03;RETIRO;ADELFAS;JARDINES FEDERICO MORENO TORROBA;5.268,85;0,53
04;SALAMANCA;GUINDALERA;PARQUE DE LAS AVENIDAS;47.029,32;4,70
04;SALAMANCA;FUENTE DEL BERRO;PARQUE SANCHO DAVILA;43.029,27;4,30
04;SALAMANCA;GUINDALERA;AMPLIACION PARQUE DE LAS AVENIDAS;32.979,18;3,30
04;SALAMANCA;GUINDALERA;PARQUE DE MARIA EVA DUARTE DE PERON;29.746,40;2,97
04;SALAMANCA;GUINDALERA;PARQUE BREOGAN;22.272,62;2,23
04;SALAMANCA;CASTELLANA;Pº DE LA CASTELLANA I;21.628,85;2,16
04;SALAMANCA;RECOLETOS;JARDINES DEL DESCUBRIMIENTO;20.201,31;2,02
04;SALAMANCA;GUINDALERA;M30 - NUDO AVDA. DE AMERICA;10.851,77;1,09
04;SALAMANCA;FUENTE DEL BERRO;M30 - NUDO O DONNELL;10.374,69;1,04
04;SALAMANCA;GUINDALERA;M30 - PTE. DE VENTAS;9.527,12;0,95
04;SALAMANCA;GUINDALERA;JARDINES PZA. TOROS DE LAS VENTAS;8.747,12;0,87
04;SALAMANCA;RECOLETOS;Pº DE RECOLETOS II;5.089,23;0,51
05;CHAMARTIN;EL VISO;Pº DE LA CASTELLANA II;50.219,17;5,02
05;CHAMARTIN;CIUDAD JARDIN;PARQUE DE BERLIN;49.116,00;4,91
05;CHAMARTIN;CASTILLA;M30 - AVDA. BURGOS;24.989,95;2,50
05;CHAMARTIN;CASTILLA;M30 - NUDO DE LA PALOMA;17.206,08;1,72
05;CHAMARTIN;PROSPERIDAD;M30 - LA CHOPERA;15.333,09;1,53
05;CHAMARTIN;PROSPERIDAD;PARQUE FELIX RGUEZ. DE LA FUENTE;14.752,94;1,48
05;CHAMARTIN;NUEVA ESPAÑA;M30 - NUDO COSTA RICA;14.337,81;1,43
05;CHAMARTIN;HISPANOAMERICA;PARQUE ORLANDO TAMAYO ZAPATA;12.859,87;1,29
05;CHAMARTIN;CASTILLA;COL. SAN CRISTOBAL;12.379,09;1,24
05;CHAMARTIN;NUEVA ESPAÑA;JARDINES DE SAN FERNANDO;11.970,64;1,20
05;CHAMARTIN;PROSPERIDAD;JARDIN DE LUIS DE TRELLES;11.379,85;1,14
05;CHAMARTIN;HISPANOAMERICA;Pº CEREZOS;10.964,52;1,10
05;CHAMARTIN;HISPANOAMERICA;JARDINES INSTITUTO STA. MARCA;10.813,50;1,08
05;CHAMARTIN;NUEVA ESPAÑA;ALFONSO XIII - STA. Mª MAGDALENA;10.423,07;1,04
05;CHAMARTIN;EL VISO;JARDIN DE LAS BELLAS ARTES;10.340,15;1,03
05;CHAMARTIN;NUEVA ESPAÑA;Jardines de Berta Cáceres;10.503,41;1,05
06;TETUAN;VALDEACEDERAS;PARQUE AGUSTIN RGUEZ. SAHAGUN;177.896,59;17,79
06;TETUAN;VALDEACEDERAS;PARQUE HUERTA DEL OBISPO;131.589,23;13,16
06;TETUAN;ALMENARA;PARQUE DE LA VENTILLA;102.706,56;10,27
06;TETUAN;CUATRO CAMINOS;Pº DE LA CASTELLANA III;20.144,83;2,01
06;TETUAN;CUATRO CAMINOS;JARDINES DE PERON;18.833,50;1,88
06;TETUAN;VALDEACEDERAS;PARQUE VILLAMIL;17.452,70;1,75
06;TETUAN;CASTILLEJOS;JARDINES DE LA ORGANIZACION MUNDIAL DE TURISMO;17.068,26;1,71
06;TETUAN;ALMENARA;BULEVAR AVDA. ASTURIAS;10.915,90;1,09
06;TETUAN;CUATRO CAMINOS;COMPLEJO AZCA NIVEL 686;10.224,72;1,02
06;TETUAN;ALMENARA;TALUD VIA LIMITE - EMILIA;8.945,82;0,89
06;TETUAN;ALMENARA;C.P. FELIPE II;5.755,09;0,58
06;TETUAN;ALMENARA;AVDA. ASTURIAS - PERGOLAS;5.548,08;0,55
06;TETUAN;CUATRO CAMINOS;PARQUE AVDA. DE BRASIL;5.400,50;0,54
06;TETUAN;CUATRO CAMINOS;Z.V AVDA. BRASIL (PEDRO TEXEIRA - GRAL. PERON);4.686,39;0,47
07;CHAMBERI;ALMAGRO;Pº CASTELLANA IV;25.310,51;2,53
07;CHAMBERI;RIOS ROSAS;LTRL. NUEVOS MINISTERIOS;7.138,97;0,71
07;CHAMBERI;VALLEHERMOSO;JARDINES ENRIQUE HERREROS;6.665,80;0,67
07;CHAMBERI;TRAFALGAR;PZA. DE OLAVIDE;5.731,60;0,57
07;CHAMBERI;RIOS ROSAS;JARDINES DE  ANDRÉS SABORIT;5.606,24;0,56
07;CHAMBERI;ARAPILES;PZA DEL CONDE DEL VALLE DE SUCHIL;5.310,85;0,53
07;CHAMBERI;ARAPILES;Jose Luis Sampedro;3.770,05;0,38
07;CHAMBERI;VALLEHERMOSO;JARDINES DEL TTE. ALCALDE PEREZ PILLADO;3.775,21;0,38
07;CHAMBERI;VALLEHERMOSO;PZA. DE DOMENICO SCARLATTI;3.133,86;0,31
07;CHAMBERI;ALMAGRO;PZA. DE CHAMBERI;2.771,55;0,28
07;CHAMBERI;GAZTAMBIDE;JARDINES DE REVENGA;2.719,55;0,27
08;FUENCARRAL-EL PARDO;EL GOLOSO;MONTECARMELO - Z.F.;468.340,81;46,83
08;FUENCARRAL-EL PARDO;LA PAZ;PARQUE NORTE Carmen Tagle;195.266,69;19,53
08;FUENCARRAL-EL PARDO;VALVERDE;LOS TRES OLIVOS;118.947,75;11,89
08;FUENCARRAL-EL PARDO;EL PILAR;PARQUE DE LA ALCAZABA;119.657,70;11,97
08;FUENCARRAL-EL PARDO;VALVERDE;Z.F. LAS TABLAS V-11;110.764,13;11,08
08;FUENCARRAL-EL PARDO;MIRASIERRA;Parque de Arroyo del Fresno Tomás;107.567,13;10,76
08;FUENCARRAL-EL PARDO;PEÑA GRANDE;PARQUE GABRIELA MISTRAL;103.747,66;10,37
08;FUENCARRAL-EL PARDO;PEÑA GRANDE;AVDA. DE LA ILUSTRACIÓN;101.863,35;10,19
08;FUENCARRAL-EL PARDO;MIRASIERRA;A.P.E. 08 16 ARROYO DEL FRESNO;87.099,15;8,71
08;FUENCARRAL-EL PARDO;VALVERDE;PARQUE LAS TABLAS V-6;62.190,70;6,22
08;FUENCARRAL-EL PARDO;EL GOLOSO;PAU MONTECARMELO (Z.F.);61.754,86;6,18
08;FUENCARRAL-EL PARDO;MIRASIERRA;PARQUE VALLE DE ENMEDIO Y ALREDEDORES;61.722,50;6,17
08;FUENCARRAL-EL PARDO;EL GOLOSO;A.V.C. MONTECARMELO;61.059,11;6,11
08;FUENCARRAL-EL PARDO;VALVERDE;PARQUE LAS TABLAS V-7;55.934,94;5,59
08;FUENCARRAL-EL PARDO;EL PILAR;PARQUE DE LA VAGUADA;50.462,87;5,05
08;FUENCARRAL-EL PARDO;VALVERDE;TALUD C/ CASTILLO DE CANDANCHU;49.243,30;4,92
08;FUENCARRAL-EL PARDO;PEÑA GRANDE;PARQUE FUENTELARREINA;43.963,89;4,40
08;FUENCARRAL-EL PARDO;VALVERDE;PARQUE SANTA ANA (ZONA FORESTAL);42.226,44;4,22
08;FUENCARRAL-EL PARDO;VALVERDE;A.V.C. LAS TABLAS;37.929,75;3,79
08;FUENCARRAL-EL PARDO;VALVERDE;Z.A. ENTORNO ESTS. METRO LIGERO (PAU LAS TABLAS);35.065,91;3,51
08;FUENCARRAL-EL PARDO;PEÑA GRANDE;PARQUE ANA TUTOR;33.412,43;3,34
08;FUENCARRAL-EL PARDO;EL PARDO;PARQUE DEL PUEBLO DEL PARDO;33.315,74;3,33
08;FUENCARRAL-EL PARDO;VALVERDE;LAS TABLAS - MED.;33.352,78;3,34
08;FUENCARRAL-EL PARDO;EL PILAR;PZAS. INTERIORES Bº EL PILAR A;32.670,44;3,27
08;FUENCARRAL-EL PARDO;LA PAZ;POL. 26 (C/ CARDENAL HERRERA ORIA);31.687,17;3,17
08;FUENCARRAL-EL PARDO;EL GOLOSO;MONTECARMELO INTBL. ESTE;30.925,53;3,09
08;FUENCARRAL-EL PARDO;PEÑA GRANDE;PARQUE PEÑAGRANDE;30.687,08;3,07
08;FUENCARRAL-EL PARDO;VALVERDE;Z.A. C/ SAN MILLAN DE LA COGOLLA;30.217,40;3,02
08;FUENCARRAL-EL PARDO;VALVERDE;POBLADO DIRIGIDO DE FUENCARRAL;29.054,24;2,91
08;FUENCARRAL-EL PARDO;EL GOLOSO;Z.A. SANTUARIO DE VALVERDE, 91-99 POST. Y GTA.;27.279,71;2,73
08;FUENCARRAL-EL PARDO;EL GOLOSO;MONTECARMELO INTBL. OESTE;26.559,78;2,66
08;FUENCARRAL-EL PARDO;PEÑA GRANDE;PARQUE ARROYO DE LOS PINOS;25.695,55;2,57
08;FUENCARRAL-EL PARDO;VALVERDE;Z.A. Pº TIERRA DE MELIDE;25.603,26;2,56
08;FUENCARRAL-EL PARDO;VALVERDE;LAS TABLAS - GTAS.;24.918,95;2,49
08;FUENCARRAL-EL PARDO;MIRASIERRA;COMPENSATORIA-ARROYO FRESNO;24.585,42;2,46
08;FUENCARRAL-EL PARDO;MIRASIERRA;Z.F. PARC. 38 Y 39 DE MIRASIERRA;24.448,99;2,44
08;FUENCARRAL-EL PARDO;PEÑA GRANDE;PARQUE CERRO PEÑABEL;24.366,21;2,44
08;FUENCARRAL-EL PARDO;LA PAZ;PARQUE DE LA SUPERMANZANA 7;23.747,34;2,37
08;FUENCARRAL-EL PARDO;VALVERDE;AVDA. VEREDA DE GANAPANES;15.978,02;1,60
08;FUENCARRAL-EL PARDO;VALVERDE;POL. STA. ANA;23.173,71;2,32
08;FUENCARRAL-EL PARDO;VALVERDE;PARQUE DE FUENCARRAL;21.676,81;2,17
08;FUENCARRAL-EL PARDO;VALVERDE;PARQUE BEGOÑA;21.071,89;2,11
08;FUENCARRAL-EL PARDO;PEÑA GRANDE;PARC. NOROESTE;20.525,49;2,05
08;FUENCARRAL-EL PARDO;VALVERDE;PARQUE SANTA ANA 2ª FASE;19.913,87;1,99
08;FUENCARRAL-EL PARDO;VALVERDE;Z.F. LAS TABLAS V-10;17.996,38;1,80
08;FUENCARRAL-EL PARDO;VALVERDE;PARQUE FUENTECHICA;17.853,14;1,79
08;FUENCARRAL-EL PARDO;VALVERDE;Z.A. LAS TABLAS V-32 Y V-34;17.703,44;1,77
08;FUENCARRAL-EL PARDO;PEÑA GRANDE;Z.V. LA COMA;17.564,08;1,76
08;FUENCARRAL-EL PARDO;LA PAZ;POL. 10 V.V. VERTEDERO;17.180,13;1,72
08;FUENCARRAL-EL PARDO;EL GOLOSO;JARDINES CEMENTERIO MONTECARMELO;16.808,41;1,68
09;MONCLOA-ARAVACA;ARAVACA;PINAR Cº CERRO AGUILA;212.362,56;21,24
09;MONCLOA-ARAVACA;CASA DE CAMPO;PARQUE DE LA BOMBILLA;110.235,98;11,02
09;MONCLOA-ARAVACA;ARAVACA;AMPLIACION PARQUE ARROYO  POZUELO;104.914,09;10,49
09;MONCLOA-ARAVACA;ARAVACA;PARQUE ARROYO POZUELO;91.840,31;9,18
09;MONCLOA-ARAVACA;CASA DE CAMPO;COL. DEL MANZANARES;79.614,72;7,96
09;MONCLOA-ARAVACA;ARAVACA;PAR. ARROYO POZUELO (AMPLIACION)_2;78.802,58;7,88
09;MONCLOA-ARAVACA;ARAVACA;CUESTA DEL GALVAN - RONDA DE LAS FLORES - TAPIA DEL HIPODROMO;70.882,07;7,09
09;MONCLOA-ARAVACA;CIUDAD UNIVERSITARIA;COMPENSACION DEL PLAN PARCIALLA HORCA.SECTOR I_18;69.674,68;6,97
09;MONCLOA-ARAVACA;CASA DE CAMPO;RECINTOS FERIALES;67.252,82;6,73
09;MONCLOA-ARAVACA;ARAVACA;Pº ERMITA - VILLA ADRIANA;44.547,47;4,45
09;MONCLOA-ARAVACA;ARAVACA;PARQUE LA RINCONERA;43.865,33;4,39
09;MONCLOA-ARAVACA;CIUDAD UNIVERSITARIA;MARGEN DERECHO DEL RIO MANZANARES;42.092,72;4,21
09;MONCLOA-ARAVACA;ARAVACA;COL. ROSA LUXEMBURGO;40.765,95;4,08
09;MONCLOA-ARAVACA;ARAVACA;CAMINO BARRIAL;38.845,53;3,88
09;MONCLOA-ARAVACA;VALDEZARZA;COL. VALDEZARZA;37.993,72;3,80
09;MONCLOA-ARAVACA;VALDEMARIN;PARQUE DEL CEMENTERIO;36.751,31;3,68
09;MONCLOA-ARAVACA;ARAVACA;EL DISCO;28.414,37;2,84
09;MONCLOA-ARAVACA;CASA DE CAMPO;Pº ANICETO MARINAS;27.828,42;2,78
09;MONCLOA-ARAVACA;CIUDAD UNIVERSITARIA;PARQUE DE FRANCOS RDGUEZ.;26.406,83;2,64
09;MONCLOA-ARAVACA;VALDEMARIN;VALDEMARIN OESTE;25.242,66;2,52
09;MONCLOA-ARAVACA;ARAVACA;CALLE CINCON LAGUNAS;23.798,65;2,38
09;MONCLOA-ARAVACA;VALDEMARIN;PROLONGACION VALDEMARIN;22.560,54;2,26
09;MONCLOA-ARAVACA;ARGUELLES;PZA. DE ESPAÑA;22.353,37;2,24
09;MONCLOA-ARAVACA;EL PLANTIO;PLANTACION COMPENSATORIA CALLE 30-PARQUE FORESTAL ESTACION DEL BARRIAL;21.537,12;2,15
09;MONCLOA-ARAVACA;CIUDAD UNIVERSITARIA;LAS ISLAS;20.663,27;2,07
09;MONCLOA-ARAVACA;VALDEMARIN;MED. VALDEMARIN;16.965,54;1,70
09;MONCLOA-ARAVACA;ARAVACA;ROSAS DE ARAVACA;16.502,78;1,65
09;MONCLOA-ARAVACA;CASA DE CAMPO;RIBERA DEL MANZANARES - MARGEN DERECHA;14.863,24;1,49
09;MONCLOA-ARAVACA;CIUDAD UNIVERSITARIA;PARQUE JUAN XXIII;14.741,02;1,47
09;MONCLOA-ARAVACA;VALDEZARZA;PARQUE BLAS DE OTERO;14.638,06;1,46
09;MONCLOA-ARAVACA;VALDEZARZA;Parque Luisa Carnés;14.351,97;1,44
09;MONCLOA-ARAVACA;CIUDAD UNIVERSITARIA;A.V.C. FASE III;13.750,13;1,38
09;MONCLOA-ARAVACA;ARAVACA;LA HORCA;13.615,02;1,36
09;MONCLOA-ARAVACA;CIUDAD UNIVERSITARIA;JARDINES ESCUADRON POLICIA MUNICIPAL;13.539,87;1,35
10;LATINA;LOS CARMENES;CUÑA VERDE LA LATINA;656.821,58;65,68
10;LATINA;LAS AGUILAS;PARQUE DE LAS CRUCES;452.894,53;45,29
10;LATINA;CUATRO VIENTOS;Z.F. PAU CARABANCHEL. UNIDAD III;275.581,94;27,56
10;LATINA;ALUCHE;PARQUE DE CERRO ALMODOVAR - 1ª - 2ª FASE;172.316,54;17,23
10;LATINA;ALUCHE;PARQUE ALUCHE;143.156,83;14,32
10;LATINA;CAMPAMENTO;COL. DEHESA DEL PPE.;55.726,78;5,57
10;LATINA;LUCERO;CAÑO ROTO - LOS CARMENES;48.625,92;4,86
10;LATINA;CUATRO VIENTOS;Z.A. PAU CARABANCHEL - UNIDAD III;41.127,78;4,11
10;LATINA;LAS AGUILAS;PERI 10/6 ALUCHE - POBLADOS;40.232,21;4,02
10;LATINA;ALUCHE;POBLADO DIRIGIDO LOS CARMENES;36.977,50;3,70
10;LATINA;LAS AGUILAS;POBLADO C - CARABANCHEL - ZONAS XIX-XXIV;36.926,61;3,69
10;LATINA;PUERTA DEL ANGEL;Z.A. PARQUE CARAMUEL;33.115,39;3,31
10;LATINA;CAMPAMENTO;METRO CIUDAD JARDIN;27.466,08;2,75
10;LATINA;LAS AGUILAS;PARQUE CASILDA DE BUSTOS;27.430,45;2,74
10;LATINA;CAMPAMENTO;Juan Carmona “Habichuela”;24.482,06;2,45
10;LATINA;LUCERO;PPI -14;22.317,55;2,23
10;LATINA;PUERTA DEL ANGEL;PARQUE CARAMUEL;22.184,18;2,22
10;LATINA;ALUCHE;Cuña Verde - Seseña 34 Posterior;21.550,58;2,16
10;LATINA;PUERTA DEL ANGEL;TERRIZOS ARBOLADO S. BENIGNO-SEPULVEDA;21.349,90;2,13
10;LATINA;LUCERO;COL. VIRGEN DE LOURDES;20.915,54;2,09
10;LATINA;LAS AGUILAS;JARDINES DEL POL. C. CARABANCHEL;19.033,48;1,90
10;LATINA;LAS AGUILAS;PAR GRAL. Gª ESCAMEZ;15.970,20;1,60
10;LATINA;PUERTA DEL ANGEL;COL. JUAN TORNERO;15.531,33;1,55
10;LATINA;ALUCHE;Parque Félix Cortés;15.078,25;1,51
10;LATINA;LUCERO;COL. ANTONIO BLASCO;12.450,49;1,25
10;LATINA;LAS AGUILAS;GRAL. FANJUL - STA. MARGARITA;12.166,27;1,22
10;LATINA;LAS AGUILAS;APARCAMIENTO GRAL SALIQUET;11.950,32;1,20
10;LATINA;CAMPAMENTO;CTRA. BOADILLA DEL MONTE DESDE LA N-V;11.220,91;1,12
10;LATINA;LOS CARMENES;Bº DE GOYA;10.909,68;1,09
10;LATINA;LAS AGUILAS;TERRIZOS ARBOLADO GRAL. ROMERO BASART A;10.223,06;1,02
10;LATINA;LOS CARMENES;CAMPO DE FUTBOL Bº DE GOYA;10.033,30;1,00
10;LATINA;LAS AGUILAS;PARQUE RAFAEL FINAT;10.010,64;1,00
11;CARABANCHEL;ABRANTES;PARQUE EMPERATRIZ MARIA DE AUSTRIA;622.924,31;62,29
11;CARABANCHEL;SAN ISIDRO;PARQUE SAN ISIDRO;248.983,99;24,90
11;CARABANCHEL;BUENAVISTA;PARQUE DE LA VOLATERIA Y ENTORNO;157.817,37;15,78
11;CARABANCHEL;BUENAVISTA;Z.F. PAU CARABANCHEL - CEMENTERIO;143.794,66;14,38
11;CARABANCHEL;BUENAVISTA;Z.F. PAU CARABANCHEL - M-40;121.104,90;12,11
11;CARABANCHEL;PUERTA BONITA;UVA PAN BENDITO;55.949,85;5,59
11;CARABANCHEL;BUENAVISTA;JARDIN LOS POZUELOS;51.196,17;5,12
11;CARABANCHEL;VISTA ALEGRE;PARQUE EUGENIA DE MONTIJO II;42.632,33;4,26
11;CARABANCHEL;BUENAVISTA;Parque de Salvador Allende;37.238,28;3,72
11;CARABANCHEL;COMILLAS;PARQUE DE COMILLAS;35.337,54;3,53
11;CARABANCHEL;VISTA ALEGRE;COL. PARQUE EUGENIA DE MONTIJO;34.352,24;3,44
11;CARABANCHEL;VISTA ALEGRE;PARQUE EUGENIA DE MONTIJO I;31.351,23;3,14
11;CARABANCHEL;SAN ISIDRO;TALUD SAN ILLAN;28.956,83;2,90
11;CARABANCHEL;PUERTA BONITA;PARQUE STA. RITA;27.869,57;2,79
11;CARABANCHEL;BUENAVISTA;MED. AVDA. LA PESETA;24.587,67;2,46
11;CARABANCHEL;ABRANTES;LTRL. VIA LUSITANA;21.851,70;2,19
11;CARABANCHEL;SAN ISIDRO;JARDÍN DE LAS ASOCIACIONES;21.154,18;2,12
11;CARABANCHEL;BUENAVISTA;AVDA. POBLADOS - CTRA. LEGANES;20.488,46;2,05
11;CARABANCHEL;ABRANTES;COL. DIEGO VELAZQUEZ;20.021,77;2,00
11;CARABANCHEL;ABRANTES;JARDINES VIA LUSITANA;17.996,17;1,80
11;CARABANCHEL;PUERTA BONITA;PARQUE DEL PAN BENDITO;17.527,95;1,75
11;CARABANCHEL;BUENAVISTA;JM_INST. DEP. PAN BENDITO;17.482,96;1,75
11;CARABANCHEL;SAN ISIDRO;COMANDANTE FONTANES;17.159,51;1,72
11;CARABANCHEL;VISTA ALEGRE;AVDA. POBLADOS - JACOBINA;15.640,84;1,56
11;CARABANCHEL;OPAÑEL;PARQUE JACINTO VERDAGUER;14.398,26;1,44
11;CARABANCHEL;ABRANTES;API 11.08 AVDA. POBLADOS - VIA LUSITANA;13.496,45;1,35
11;CARABANCHEL;VISTA ALEGRE;COL. CODORNIZ;12.945,22;1,29
11;CARABANCHEL;BUENAVISTA;POL. INDUSTRIAL TAMAMES - AGUACATE;12.496,80;1,25
11;CARABANCHEL;COMILLAS;COL. URBIS;12.323,95;1,23
11;CARABANCHEL;PUERTA BONITA;AVDA. POBLADOS - CHIRIVITA;11.720,32;1,17
11;CARABANCHEL;PUERTA BONITA;AVDA. DE LOS POBLADOS - ALBA DE TORMES;11.127,09;1,11
11;CARABANCHEL;BUENAVISTA;AGUACATE- AVDA PESETA;10.286,11;1,03
11;CARABANCHEL;BUENAVISTA;JARDIN LOS PARRALES;10.721,46;1,07
11;CARABANCHEL;OPAÑEL;COL. EXPERIMENTALES;10.030,56;1,00
12;USERA;PRADOLONGO;PARQUE DE PRADOLONGO;595.660,85;59,57
12;USERA;ORCASITAS;POBLADO DIRIGIDO ORCASITAS;86.420,90;8,64
12;USERA;ORCASITAS;COLONIA MESETA DE ORCASITAS I;64.296,35;6,43
12;USERA;ORCASITAS;COL. MESETA DE ORCASITAS II;50.535,04;5,05
12;USERA;ORCASITAS;PARQUE MUJERES DE ORCASITAS;48.413,58;4,84
12;USERA;ZOFIO;PARQUE OLOF PALME;44.838,60;4,48
12;USERA;ORCASUR;COL. ORCASUR;38.314,61;3,83
12;USERA;ZOFIO;PANTALLA VERDE CTRA. TOLEDO II;34.569,21;3,46
12;USERA;ORCASUR;PERI 12 - 5 RANCHO DEL CORDOBES;32.833,93;3,28
12;USERA;MOSCARDO;COL. PABLO JIMENEZ;26.790,66;2,68
12;USERA;ZOFIO;INTBL. GRUPO USERA;26.288,23;2,63
12;USERA;ORCASUR;NUEVO PRADOLONGO;26.041,24;2,60
12;USERA;SAN FERMIN;PARQUE SAN FERMIN;24.396,47;2,44
12;USERA;ALMENDRALES;COL. DE ALMENDRALES;24.235,29;2,42
12;USERA;ORCASITAS;TALUD TALBOT;23.581,55;2,36
12;USERA;ORCASITAS;PARQUE SEGURA;22.223,94;2,22
12;USERA;ZOFIO;URB. NORTE P. ORCASITAS - PPI 13;20.566,06;2,06
12;USERA;ORCASITAS;TOLOSA - AVDA. DE LOS POBLADOS;20.536,75;2,05
12;USERA;PRADOLONGO;Z.F. RAFAELA YBARRA;16.497,36;1,65
12;USERA;SAN FERMIN;PARQUE DE LA PERLA;14.486,16;1,45
12;USERA;ZOFIO;PANTALLA VERDE CTRA. TOLEDO I;14.345,06;1,43
12;USERA;SAN FERMIN;OLIGISTO;14.017,80;1,40
12;USERA;SAN FERMIN;INST. DEP. SAN FERMIN - ESTAFETA;14.011,73;1,40
12;USERA;ORCASUR;A.V.C. GTA. DE MALAGA - NUEVO PRADOLONGO;13.650,89;1,37
12;USERA;ZOFIO;ESPACIOS LIBRES Bº  ZOFIO II;12.940,04;1,29
12;USERA;SAN FERMIN;COL. SAN FERMIN;12.896,59;1,29
12;USERA;ORCASUR;DR. TOLOSA LATOUR - AVDA. CORDOBA;12.515,35;1,25
12;USERA;PRADOLONGO;J.M. USERA;11.489,56;1,15
12;USERA;ORCASITAS;PZA. ASOCIACION MESETA DE ORCASITAS;11.368,54;1,14
12;USERA;SAN FERMIN;JARDIN SILVINA;10.994,96;1,10
12;USERA;ORCASITAS;PARQUE ALZOLA;10.494,57;1,05
12;USERA;ORCASITAS;COL. Cº VIEJO VILLAVERDE;10.384,74;1,04
12;USERA;SAN FERMIN;ENTORNO GTA. MALAGA;10.111,33;1,01
13;PUENTE DE VALLECAS;ENTREVIAS;PARQUE ENTREVIAS FORESTAL;539.813,05;53,98
13;PUENTE DE VALLECAS;PALOMERAS SURESTE;PARQUE LINEAL DE PALOMERAS;395.508,20;39,55
13;PUENTE DE VALLECAS;NUMANCIA;PARQUE EL CERRO DEL TIO PIO;159.018,23;15,90
13;PUENTE DE VALLECAS;ENTREVIAS;PARQUE DE ENTREVIAS;117.678,26;11,77
13;PUENTE DE VALLECAS;PORTAZGO;URB. ALBUFERA NORTE;95.218,39;9,52
13;PUENTE DE VALLECAS;ENTREVIAS;STA. CATALINA / ACCESO EMT;90.677,04;9,07
13;PUENTE DE VALLECAS;ENTREVIAS;FORESTAL COMUNIDAD DE MADRID;89.534,49;8,95
13;PUENTE DE VALLECAS;PALOMERAS BAJAS;PARQUE PAYASO FOFO;76.819,87;7,68
13;PUENTE DE VALLECAS;PALOMERAS BAJAS;PARQUE AZORIN;47.457,48;4,75
13;PUENTE DE VALLECAS;ENTREVIAS;PARQUE LA VIÑA;43.731,10;4,37
13;PUENTE DE VALLECAS;ENTREVIAS;PARQUE RONDA DEL SUR - STA. CATALINA;42.105,84;4,21
13;PUENTE DE VALLECAS;ENTREVIAS;ANILLO VERDE CICLISTA VALLECAS;40.869,09;4,09
13;PUENTE DE VALLECAS;PORTAZGO;SECTOR PALOMERAS NORTE;38.528,30;3,85
13;PUENTE DE VALLECAS;PALOMERAS SURESTE;CAMPO DE LA PALOMA;38.146,82;3,81
13;PUENTE DE VALLECAS;ENTREVIAS;EL SOTO DE ENTREVIAS;33.490,69;3,35
13;PUENTE DE VALLECAS;ENTREVIAS;PLATAFORMA Y ZONA VERDE LTRL. AVDA. ENTREVIAS;30.779,26;3,08
13;PUENTE DE VALLECAS;ENTREVIAS;PARQUE FORESTAL RONDA DEL SUR;30.394,85;3,04
13;PUENTE DE VALLECAS;NUMANCIA;NUDO CALLE 30 - A3;23.969,43;2,40
13;PUENTE DE VALLECAS;ENTREVIAS;Z.F. POZO - LTRL M40;23.335,15;2,33
13;PUENTE DE VALLECAS;PALOMERAS BAJAS;PARQUE PALOMERAS BAJAS;22.693,58;2,27
13;PUENTE DE VALLECAS;PALOMERAS BAJAS;ENCACHADOS MADRID - SUR;22.452,20;2,25
13;PUENTE DE VALLECAS;PALOMERAS SURESTE;CAMPO DEL TORO;20.897,47;2,09
13;PUENTE DE VALLECAS;PALOMERAS BAJAS;COL. SIERRA DEL VALLE;20.436,20;2,04
13;PUENTE DE VALLECAS;PALOMERAS BAJAS;JARDINES FELIPE DE DIEGO;19.331,81;1,93
13;PUENTE DE VALLECAS;ENTREVIAS;PARQUE ENTREVIAS POZO;17.882,04;1,79
13;PUENTE DE VALLECAS;PORTAZGO;PZA. DE LA CONSTITUCION;17.717,14;1,77
13;PUENTE DE VALLECAS;NUMANCIA;TRASERA TEJAR DE LA PASTORA;17.124,93;1,71
13;PUENTE DE VALLECAS;PORTAZGO;MED. AVDA. BUENOS AIRES;13.571,45;1,36
13;PUENTE DE VALLECAS;PALOMERAS SURESTE;COCHERON DE LA VILLA ESTE;13.004,37;1,30
13;PUENTE DE VALLECAS;NUMANCIA;PARQUE FERNANDO GIRALDEZ;12.111,10;1,21
13;PUENTE DE VALLECAS;ENTREVIAS;INTERIORES MUDELA;11.798,63;1,18
13;PUENTE DE VALLECAS;PORTAZGO;PARQUE DE MARCHAMALO;11.737,24;1,17
13;PUENTE DE VALLECAS;PALOMERAS SURESTE;MED. MIGUEL HERNANDEZ;11.552,58;1,16
13;PUENTE DE VALLECAS;NUMANCIA;PTRRES. Y TRASERA SIERRA ELVIRA;11.420,68;1,14
13;PUENTE DE VALLECAS;ENTREVIAS;CALLE 30 MENDEZ ALVARO ACCESO SUR VALLECAS;11.409,52;1,14
13;PUENTE DE VALLECAS;PALOMERAS SURESTE;BULEVAR PABLO NERUDA - CENTRAL;11.332,83;1,13
13;PUENTE DE VALLECAS;ENTREVIAS;Z.A. ESTACION EL POZO;11.308,70;1,13
13;PUENTE DE VALLECAS;ENTREVIAS;PARQUE POZO DEL TIO RAIMUNDO;10.393,03;1,04
13;PUENTE DE VALLECAS;SAN DIEGO;PARQUE DE PALOMERAS - AMOS ACERO;9.987,18;1,00
14;MORATALAZ;PAVONES;PARQUE ARROYO FONTARRON;85.994,13;8,60
14;MORATALAZ;FONTARRON;BARRIO III;51.310,50;5,13
14;MORATALAZ;MARROQUINA;PARQUE DE MORATALAZ;49.158,59;4,92
14;MORATALAZ;HORCAJO;ANILLO CICLISTA;45.390,12;4,54
14;MORATALAZ;FONTARRON;PARQUE DARWIN;41.052,99;4,11
14;MORATALAZ;FONTARRON;BARRIO II;38.152,71;3,82
14;MORATALAZ;MARROQUINA;PARQUE MARTALA;33.639,17;3,36
14;MORATALAZ;MARROQUINA;PARQUE PAVONES NORTE - Z.A.;33.098,30;3,31
14;MORATALAZ;FONTARRON;"INTBL. POLIG. ""G""";30.970,43;3,10
14;MORATALAZ;MARROQUINA;PARQUE VANDEL;30.568,20;3,06
14;MORATALAZ;FONTARRON;TALUDES ARROYO FONTARRON;29.693,68;2,97
14;MORATALAZ;PAVONES;BARRIO VI;28.827,52;2,88
14;MORATALAZ;PAVONES;PAVONES ESTE TALUD M-40;28.383,70;2,84
14;MORATALAZ;HORCAJO;PAVONES ESTE PARQUE URBANO;28.362,70;2,84
14;MORATALAZ;VINATEROS;"INTBL. POLIG. ""H""";28.814,90;2,88
14;MORATALAZ;MEDIA LEGUA;"INTBL. POLIG. ""A""";24.756,40;2,48
14;MORATALAZ;FONTARRON;POLIG. 38 - M-30;24.249,26;2,42
14;MORATALAZ;MARROQUINA;Z.A. PAVONES NORTE - ANTIGUO FORESTAL;23.642,34;2,36
14;MORATALAZ;MEDIA LEGUA;"INTBL. POLIG. ""C""";22.516,59;2,25
14;MORATALAZ;MARROQUINA;"INTBL. POLIG. ""E""";22.222,02;2,22
14;MORATALAZ;FONTARRON;PARQUE ARROYO FONTARRON II;21.366,08;2,14
14;MORATALAZ;MEDIA LEGUA;TALUDES M-30;19.152,83;1,92
14;MORATALAZ;MARROQUINA;"INTBL. POLIG. ""F""";16.740,17;1,67
14;MORATALAZ;HORCAJO;DR. GARCIA TAPIA;15.721,74;1,57
14;MORATALAZ;FONTARRON;BARRIO II - FTE. CARRANTONA;15.539,39;1,55
14;MORATALAZ;MEDIA LEGUA;ZONA M-30 NUDO O'DONNELL;15.485,11;1,55
14;MORATALAZ;MEDIA LEGUA;EJE O'DONELL - MORATALAZ;14.639,20;1,46
14;MORATALAZ;VINATEROS;PISTA DE PATINAJE HACIENDA DE PAVONES;14.145,85;1,41
14;MORATALAZ;PAVONES;BARRIO IV - FTE. CARRANTONA;13.560,26;1,36
14;MORATALAZ;PAVONES;BARRIO IV;13.416,22;1,34
14;MORATALAZ;VINATEROS;BARRIO I - FTE. CARRANTONA;13.247,94;1,32
14;MORATALAZ;MEDIA LEGUA;PARQUE DEPORTIVO DR. Gª TAPIA;11.587,04;1,16
14;MORATALAZ;VINATEROS;CEIP. PIO BAROJA;11.284,42;1,13
14;MORATALAZ;MEDIA LEGUA;PARQUE ALCAMPO;10.774,87;1,08
14;MORATALAZ;MEDIA LEGUA;ZONA CENTRAL IVIMA;10.548,19;1,05
14;MORATALAZ;VINATEROS;"INTBL. POLIG. ""I""";10.492,96;1,05
14;MORATALAZ;PAVONES;JM_JUNTA MUNICIPAL;10.389,40;1,04
14;MORATALAZ;PAVONES;BARRIO VI - FTE. CARRANTONA;9.827,43;0,98
15;CIUDAD LINEAL;VENTAS;PINAR DE LA ELIPA;144.715,65;14,47
15;CIUDAD LINEAL;COSTILLARES;ARTURO SORIA;67.461,47;6,75
15;CIUDAD LINEAL;CONCEPCION;PARQUE EL CALERO;64.690,28;6,47
15;CIUDAD LINEAL;VENTAS;VALLA SUR DEL CEMENTERIO DE LA ALMUDENA;52.906,88;5,29
15;CIUDAD LINEAL;PUEBLO NUEVO;PARQUE DE ARRIAGA;50.930,01;5,09
15;CIUDAD LINEAL;PUEBLO NUEVO;PARQUE MALMOE;43.800,60;4,38
15;CIUDAD LINEAL;COSTILLARES;CALLE 30 - MANUEL AZAÑA;33.782,57;3,38
15;CIUDAD LINEAL;PUEBLO NUEVO;PARQUE DE LA ALMUDENA;36.410,06;3,64
15;CIUDAD LINEAL;COSTILLARES;PINAR DE CHAMARTIN;30.126,42;3,01
15;CIUDAD LINEAL;PUEBLO NUEVO;COL. JOSE ARCONES GIL;29.746,14;2,97
15;CIUDAD LINEAL;SAN JUAN BAUTISTA;COL. SAN JUAN BAUTISTA;29.233,54;2,92
15;CIUDAD LINEAL;SAN JUAN BAUTISTA;CALLE 30 - NUDO AVDA. AMERICA;29.065,83;2,91
15;CIUDAD LINEAL;SAN JUAN BAUTISTA;CALLE 30 - RAFAEL BERGAMIN;28.379,03;2,84
15;CIUDAD LINEAL;COLINA;CALLE 30 - TALUD COSTA RICA;24.732,31;2,47
15;CIUDAD LINEAL;VENTAS;CALLE 30 - TALUD SAN MARCELO;24.271,70;2,43
15;CIUDAD LINEAL;COSTILLARES;PARQUE DEL DOCTOR FERNANDEZ CATALINA;23.456,89;2,35
15;CIUDAD LINEAL;VENTAS;PARQUE ANTONIO PIRALA;21.774,48;2,18
15;CIUDAD LINEAL;PUEBLO NUEVO;PARQUE DE LOS TILOS;21.269,23;2,13
15;CIUDAD LINEAL;COSTILLARES;CALLE 30 - YERMA;18.973,97;1,90
15;CIUDAD LINEAL;VENTAS;CALLE 30 - O'DONNELL- MARQUES DE CORBERA;18.780,36;1,88
15;CIUDAD LINEAL;ATALAYA;CALLE 30 - NUDO COSTA RICA;17.858,05;1,79
15;CIUDAD LINEAL;PUEBLO NUEVO;Z.V. ENTRE VILLAESCUSA Y CEMENTERIO CIVIL;16.267,81;1,63
15;CIUDAD LINEAL;PUEBLO NUEVO;Bº BILBAO - ARCENTALES;16.002,16;1,60
15;CIUDAD LINEAL;SAN JUAN BAUTISTA;POL. MARQUESA AMBOAGE, 17 - AVDA. PAZ;14.674,55;1,47
15;CIUDAD LINEAL;PUEBLO NUEVO;COL. BRAULIO GUTIERREZ;14.486,64;1,45
15;CIUDAD LINEAL;PUEBLO NUEVO;POL. VALDELACIERVA;13.837,48;1,38
15;CIUDAD LINEAL;COSTILLARES;CALLE 30 - CONDADO DE TREVIÑO;13.007,23;1,30
15;CIUDAD LINEAL;CONCEPCION;JARDIN DE PABLO RAEZ;12.387,84;1,24
15;CIUDAD LINEAL;PUEBLO NUEVO;JARDIN DE JOSE COUSO PERMUY Y JULIO ANGUITA PARRADO;11.616,66;1,16
15;CIUDAD LINEAL;PUEBLO NUEVO;POL. AFRICA;12.448,70;1,24
15;CIUDAD LINEAL;VENTAS;AVDA. MARQUES DE CORBERA;11.146,45;1,11
15;CIUDAD LINEAL;COSTILLARES;CALLE 30 - NUDO MANOTERAS - CIUDAD LINEAL;11.051,75;1,11
15;CIUDAD LINEAL;VENTAS;CEMENTERIO DE LA ALMUDENA;10.405,12;1,04
15;CIUDAD LINEAL;SAN PASCUAL;PZA. NUEVA ORLEANS;9.998,45;1,00
15;CIUDAD LINEAL;PUEBLO NUEVO;MED. ASCAO;9.755,72;0,98
16;HORTALEZA;PIOVERA;Z.F. PINAR DE BARAJAS;207.215,56;20,72
16;HORTALEZA;VALDEFUENTES;ZONA FORESTAL I Y II;163.689,67;16,37
16;HORTALEZA;VALDEFUENTES;PARQUE FLUVIAL SANCHINARRO;104.633,27;10,46
16;HORTALEZA;VALDEFUENTES;VICENTE BLASCO IBAÑEZ C/V PADRES DOMINICOS;97.166,49;9,72
16;HORTALEZA;PIOVERA;PARQUE LOS LLANOS;94.854,11;9,49
16;HORTALEZA;PINAR DEL REY;PARQUE STA. ADELA;86.015,98;8,60
16;HORTALEZA;APOSTOL SANTIAGO;Z.F. MONOVAR;84.218,15;8,42
16;HORTALEZA;VALDEFUENTES;BULEVAR JUAN ANTONIO SAMARANCH;79.372,21;7,94
16;HORTALEZA;VALDEFUENTES;PARQUE MARIA TUDOR;72.393,35;7,24
16;HORTALEZA;VALDEFUENTES;NICETO ALCALA ZAMORA;64.210,69;6,42
16;HORTALEZA;APOSTOL SANTIAGO;Z.F. ACCESO A LA EST. HORTALEZA;54.515,71;5,45
16;HORTALEZA;VALDEFUENTES;PARQUE INFANTA CATALINA MICAELA II;53.730,03;5,37
16;HORTALEZA;PIOVERA;Z.F. LOS LLANOS - M-40;52.545,61;5,25
16;HORTALEZA;APOSTOL SANTIAGO;PARQUE DE LA CORNISA;50.435,33;5,04
16;HORTALEZA;CANILLAS;PARQUE  VILLAROSA ;49.549,95;4,95
16;HORTALEZA;APOSTOL SANTIAGO;PARQUE DE DOÑA GUIOMAR;46.639,68;4,66
16;HORTALEZA;CANILLAS;Z.F. PINAR DEL REY;45.511,62;4,55
16;HORTALEZA;VALDEFUENTES;Z.F. MARTINA DIAZ;41.772,74;4,18
16;HORTALEZA;PINAR DEL REY;PARQUE ALFREDO KRAUS;38.576,63;3,86
16;HORTALEZA;PALOMAS;AVDA. LOGROÑO - M-40;36.831,02;3,68
16;HORTALEZA;VALDEFUENTES;FUERZAS ARMADAS;35.966,04;3,60
16;HORTALEZA;VALDEFUENTES;PARQUE FERNANDO DE ROJAS - AVDA. NICETO ALCALA ZAMORA;33.822,63;3,38
16;HORTALEZA;VALDEFUENTES;ANA DE AUSTRIA;33.228,53;3,32
16;HORTALEZA;APOSTOL SANTIAGO;PARQUE DE MANOTERAS;33.205,93;3,32
16;HORTALEZA;PINAR DEL REY;PARQUE SAN LORENZO;31.747,31;3,17
16;HORTALEZA;VALDEFUENTES;PARQUE MIRADOR DE LAS CARCAVAS;31.624,58;3,16
16;HORTALEZA;CANILLAS;Z.A. PINAR DEL REY;30.720,55;3,07
16;HORTALEZA;PINAR DEL REY;Cº DE LA CUERDA;30.424,71;3,04
16;HORTALEZA;VALDEFUENTES;MED. Y GTAS. EN AVDA. NICETO ALCALA ZAMORA;30.021,57;3,00
16;HORTALEZA;APOSTOL SANTIAGO;Bº APOSTOL SANTIAGO;29.931,66;2,99
16;HORTALEZA;VALDEFUENTES;MED. MANUEL FRAGA IRIBARNE;28.968,32;2,90
16;HORTALEZA;VALDEFUENTES;PARQUE INFANTA CATALINA MICAELA I;28.430,86;2,84
16;HORTALEZA;VALDEFUENTES;MED. C/ PRINCIPE CARLOS;27.914,98;2,79
16;HORTALEZA;VALDEFUENTES;PARQUE VIA MARTINA DIAZ - ANA DE AUSTRIA;27.324,60;2,73
16;HORTALEZA;VALDEFUENTES;SOLANA DE VALDEBEBAS;27.084,78;2,71
16;HORTALEZA;VALDEFUENTES;FRANCISCO PI Y MARGALL - C. MANOTERAS;25.856,50;2,59
16;HORTALEZA;CANILLAS;Z.F. VILLAROSA;24.727,97;2,47
16;HORTALEZA;PALOMAS;PARQUE PEONIAS;24.722,59;2,47
16;HORTALEZA;VALDEFUENTES;PARQUE DE GREGORIO PECES-BARBA;24.457,29;2,45
16;HORTALEZA;VALDEFUENTES;CONECTOR JOSE ANTONIO FERNANDEZ ORDOÑEZ;23.341,46;2,33
16;HORTALEZA;VALDEFUENTES;ZONA FORESTAL I Y II (SANCHINARRO);23.322,54;2,33
16;HORTALEZA;VALDEFUENTES;MED. ANA DE AUSTRIA;23.137,32;2,31
16;HORTALEZA;VALDEFUENTES;Z.F. SAN ENRIQUE DE OSSO;22.774,16;2,28
16;HORTALEZA;VALDEFUENTES;MED. SECUNDINO ZUAZO;22.469,66;2,25
16;HORTALEZA;PINAR DEL REY;CUBIERTA SAN LORENZO;22.218,02;2,22
16;HORTALEZA;VALDEFUENTES;Z.F. CTRA. BURGOS - N-I - M-40;22.146,74;2,21
16;HORTALEZA;VALDEFUENTES;PRINCIPE CARLOS - FERNANDO DE ROJAS - ISABEL CLARA EUGENIA;22.058,67;2,21
16;HORTALEZA;VALDEFUENTES;ALMACENES MANOTERAS;22.058,38;2,21
16;HORTALEZA;VALDEFUENTES;GTA. ALCALDE MORENO TORRES;22.016,95;2,20
16;HORTALEZA;PALOMAS;PARQUE YUCATAN;21.541,28;2,15
16;HORTALEZA;PINAR DEL REY;Z.F. Bº SAN LORENZO;21.433,52;2,14
16;HORTALEZA;PINAR DEL REY;PARQUE ISABEL CLARA EUGENIA;21.332,61;2,13
16;HORTALEZA;APOSTOL SANTIAGO;BARRIO DE SANTIAGO APOSTOL;21.070,52;2,11
16;HORTALEZA;VALDEFUENTES;CONECTOR ANTONIO MIRO VALVERDE;20.960,81;2,10
16;HORTALEZA;VALDEFUENTES;VIA PECUARIA;20.753,51;2,08
16;HORTALEZA;VALDEFUENTES;Z.F. MARIA DE PORTUGAL;20.688,98;2,07
16;HORTALEZA;VALDEFUENTES;CONECTOR JOSEFINA ALDECOA;20.447,06;2,04
16;HORTALEZA;VALDEFUENTES;MED. Y RTDAS. BARRIOS SAN ANTONIO Y LAS CARCAVAS (VALDEBEBAS);19.978,89;2,00
16;HORTALEZA;PINAR DEL REY;MED. GRAN VIA DE HORTALEZA;18.879,03;1,89
16;HORTALEZA;VALDEFUENTES;FRANCISCO PI Y MARGALL - MARIA DE PORTUGAL;18.804,84;1,88
16;HORTALEZA;VALDEFUENTES;CONECTOR FINA DE CALDERON;18.610,76;1,86
16;HORTALEZA;VALDEFUENTES;CONECTOR JORDI SOLE TURA;18.562,42;1,86
16;HORTALEZA;PINAR DEL REY;AVDA. SAN LUIS - VILLA DE PONS;17.195,64;1,72
16;HORTALEZA;PIOVERA;CONDE DE ORGAZ;17.018,01;1,70
16;HORTALEZA;VALDEFUENTES;CONECTOR JOSE ANTONIO CODERCH;16.667,03;1,67
16;HORTALEZA;PINAR DEL REY;PARQUE HUERTA DE LA SALUD;16.316,25;1,63
17;VILLAVERDE;VILLAVERDE ALTO C.H.;PARQUE FORESTAL JULIO ALGUACIL GOMEZ;446.071,11;44,61
17;VILLAVERDE;VILLAVERDE ALTO C.H.;PARQUE DE PLATA Y CASTAÑAR;220.266,19;22,03
17;VILLAVERDE;SAN CRISTOBAL;PARQUE DEHESA BOYAL;126.823,50;12,68
17;VILLAVERDE;BUTARQUE;Z.F. BUTARQUE;83.417,15;8,34
17;VILLAVERDE;LOS ROSALES;PARQUE DEL ESPINILLO;73.188,33;7,32
17;VILLAVERDE;LOS ANGELES;PARQUE CAMINO CENTRAL DE LOS INGENIEROS;68.407,53;6,84
17;VILLAVERDE;BUTARQUE;PARQUE BUTARQUE;58.655,46;5,87
17;VILLAVERDE;VILLAVERDE ALTO C.H.;POL. LA RESINA;48.355,39;4,84
17;VILLAVERDE;VILLAVERDE ALTO C.H.;GRAN VÍA VILLAVERDE;44.541,63;4,45
17;VILLAVERDE;LOS ANGELES;PARQUE CIUDAD DE LOS ANGELES;36.436,73;3,64
17;VILLAVERDE;LOS ANGELES;PARQUE VIRGEN DE LA ESPERANZA;33.301,80;3,33
17;VILLAVERDE;LOS ANGELES;COL. EL AHORRO;29.620,29;2,96
17;VILLAVERDE;BUTARQUE;BARRIO DE BUTARQUE;26.487,52;2,65
17;VILLAVERDE;VILLAVERDE ALTO C.H.;UVA VILLAVERDE;25.544,19;2,55
17;VILLAVERDE;LOS ANGELES;PARQUE NORTE SAN LUCIANO;24.140,75;2,41
17;VILLAVERDE;VILLAVERDE ALTO C.H.;RECINTO FERIAL PLATA Y CASTAÑAR;23.245,46;2,32
17;VILLAVERDE;VILLAVERDE ALTO C.H.;PTE. ALCOCER;22.798,38;2,28
17;VILLAVERDE;BUTARQUE;PARQUE LOS ROSALES;22.362,05;2,24
17;VILLAVERDE;VILLAVERDE ALTO C.H.;PARQUE LENGUAS OESTE;22.089,83;2,21
17;VILLAVERDE;LOS ANGELES;INTBL. SOTO DEL PARRAL- HUESPED SEVILLANO;21.902,62;2,19
17;VILLAVERDE;SAN CRISTOBAL;COL. SAN CRISTÓBAL DE LOS ANGELES POL. 3 Y 5;21.265,10;2,13
17;VILLAVERDE;VILLAVERDE ALTO C.H.;Pº PLATA Y CASTAÑAR - ISLAS;20.886,49;2,09
17;VILLAVERDE;LOS ROSALES;PARQUE DE LA AMISTAD;19.420,37;1,94
17;VILLAVERDE;SAN CRISTOBAL;COL. SAN CRISTÓBAL DE LOS ANGELES POL.1;18.129,62;1,81
17;VILLAVERDE;VILLAVERDE ALTO C.H.;VILLALONSO - PUEBLA DE SANABRIA;15.217,63;1,52
17;VILLAVERDE;BUTARQUE;CALLE CALCIO;16.109,91;1,61
17;VILLAVERDE;LOS ANGELES;INTBL. CANCIÓN DEL OLVIDO- CORTE DEL FARAÓN;15.997,24;1,60
17;VILLAVERDE;VILLAVERDE ALTO C.H.;POL. EL GATO PARQUE CENTRAL;15.315,96;1,53
17;VILLAVERDE;LOS ANGELES;PARQUE EL CRUCE;15.058,93;1,51
17;VILLAVERDE;LOS ANGELES;PARQUE ESPERANZA NORTE;13.881,16;1,39
17;VILLAVERDE;LOS ROSALES;ESTRONCIO - EDUARDO MINGUITO;13.840,43;1,38
17;VILLAVERDE;BUTARQUE;BULEVAR  BERROCAL;13.499,46;1,35
17;VILLAVERDE;LOS ANGELES;COL. SAN NICOLÁS Y ARECHAVALETA;13.291,98;1,33
17;VILLAVERDE;VILLAVERDE ALTO C.H.;JARDIN LENGUAS;11.800,02;1,18
17;VILLAVERDE;LOS ROSALES;UNIDAD 2 DE OROQUIETA APD, 13-15;11.353,77;1,14
17;VILLAVERDE;BUTARQUE;AVDA. LOS ROSALES, 123 - 125;11.081,81;1,11
17;VILLAVERDE;VILLAVERDE ALTO C.H.;PARQUE HUERTA DEL OBISPO-VILLAVERDE;11.053,05;1,11
18;VILLA DE VALLECAS;CASCO H.VALLECAS;FORESTAL DEL SURESTE;728.428,73;72,84
18;VILLA DE VALLECAS;ENSANCHE DE VALLECAS;LATERAL M-45;229.044,13;22,90
18;VILLA DE VALLECAS;CASCO H.VALLECAS;PARQUE LA GAVIA;194.858,19;19,49
18;VILLA DE VALLECAS;ENSANCHE DE VALLECAS;CAÑADA DEL SANTISIMO;154.387,01;15,44
18;VILLA DE VALLECAS;CASCO H.VALLECAS;PARQUE FORESTAL M-40;112.966,05;11,30
18;VILLA DE VALLECAS;ENSANCHE DE VALLECAS;PTO. PORZUNA - LA GRANJA SAN ILDEFONSO;93.978,67;9,40
18;VILLA DE VALLECAS;ENSANCHE DE VALLECAS;AVDA. ENSANCHE DE VALLECAS - REAL DE ARGANDA;77.903,61;7,79
18;VILLA DE VALLECAS;ENSANCHE DE VALLECAS;CAÑADA;70.952,89;7,10
18;VILLA DE VALLECAS;ENSANCHE DE VALLECAS;ENTORNO BULEVAR NATURALEZA;66.104,77;6,61
18;VILLA DE VALLECAS;ENSANCHE DE VALLECAS;AVDA. DE LA GAVIA - AVDA. ENSANCHE DE VALLECAS;64.867,44;6,49
18;VILLA DE VALLECAS;ENSANCHE DE VALLECAS;ALTO DEL RETIRO;55.198,81;5,52
18;VILLA DE VALLECAS;ENSANCHE DE VALLECAS;GRAN VIA DEL SURESTE - EDUARDO CHILLIDA;42.708,46;4,27
18;VILLA DE VALLECAS;ENSANCHE DE VALLECAS;AVDA. DE LAS SUERTES - GRAN VIA DEL SURESTE;40.347,91;4,03
18;VILLA DE VALLECAS;ENSANCHE DE VALLECAS;GRAN VIA DEL SURESTE - AVDA. ENSANCHE DE VALLECAS;36.640,92;3,66
18;VILLA DE VALLECAS;ENSANCHE DE VALLECAS;AVDA. SALMEDINA - AVDA. VALDECULEBRAS;35.117,84;3,51
18;VILLA DE VALLECAS;ENSANCHE DE VALLECAS;PARQUE AVDA. ENSANCHE DE VALLECAS - M-45;34.898,09;3,49
18;VILLA DE VALLECAS;ENSANCHE DE VALLECAS;EMBALSE NAVACERRADA - EMBALSE VELLON;32.881,52;3,29
18;VILLA DE VALLECAS;CASCO H.VALLECAS;PARQUE VALLECAS VILLA - CATARATAS;31.962,21;3,20
18;VILLA DE VALLECAS;ENSANCHE DE VALLECAS;AVDA. VILLA DE VALLECAS - AVDA. CERRO MILANO;30.716,73;3,07
18;VILLA DE VALLECAS;SANTA EUGENIA;MARGEN DERECHO A-3;29.689,82;2,97
18;VILLA DE VALLECAS;ENSANCHE DE VALLECAS;ENTREPEÑAS;29.398,26;2,94
18;VILLA DE VALLECAS;ENSANCHE DE VALLECAS;DEPOSITO DE AGUA;26.122,00;2,61
18;VILLA DE VALLECAS;SANTA EUGENIA;REAL DE ARGANDA;26.450,37;2,65
18;VILLA DE VALLECAS;SANTA EUGENIA;MARGEN IZQUIERDO A-3;23.711,61;2,37
18;VILLA DE VALLECAS;ENSANCHE DE VALLECAS;INTERIORES AVDA. DE LAS SUERTES - CAÑADA DEL SANTISIMO;23.545,73;2,35
18;VILLA DE VALLECAS;ENSANCHE DE VALLECAS;AV DE GRAN VIA SURESTE;23.048,02;2,30
18;VILLA DE VALLECAS;ENSANCHE DE VALLECAS;MED. AVDA. MAYORAZGO;13.194,91;1,32
18;VILLA DE VALLECAS;ENSANCHE DE VALLECAS;LTRLS. AVDA. MAYORAZGO;22.323,17;2,23
18;VILLA DE VALLECAS;SANTA EUGENIA;PARQUE Cº VASARES;22.061,78;2,21
18;VILLA DE VALLECAS;ENSANCHE DE VALLECAS;MED. AVDA. ENSANCHE DE VALLECAS;21.516,87;2,15
18;VILLA DE VALLECAS;ENSANCHE DE VALLECAS;MIRADOR DEL PRINCIPE;21.325,19;2,13
18;VILLA DE VALLECAS;SANTA EUGENIA;PARQUE STA. EUGENIA;20.003,69;2,00
18;VILLA DE VALLECAS;SANTA EUGENIA;POZA DE LA SAL;18.926,65;1,89
18;VILLA DE VALLECAS;ENSANCHE DE VALLECAS;ESTACION METRO DE LA GAVIA;16.471,70;1,65
18;VILLA DE VALLECAS;SANTA EUGENIA;MED. INFANTA LEONOR;13.758,15;1,38
18;VILLA DE VALLECAS;SANTA EUGENIA;UVA VALLECAS;13.713,80;1,37
19;VICALVARO;CASCO H.VICALVARO;Z.F. ANILLO VERDE DE VICALVARO;325.579,41;32,56
19;VICALVARO;CASCO H.VICALVARO;CUÑA VERDE VICALVARO ZONA C;127.836,38;12,78
19;VICALVARO;CASCO H.VICALVARO;PARQUE FORESTAL DE SANTA EUGENIA;116.391,32;11,64
19;VICALVARO;CASCO H.VICALVARO;CUÑA VERDE VICALVARO ZONA B;110.292,25;11,03
19;VICALVARO;VALDEBERNARDO;PARQUE VALDEBERNARDO ESTE;82.747,36;8,27
19;VICALVARO;VALDEBERNARDO;PARQUE ESTE DE VALDEBERNARDO;71.416,72;7,14
19;VICALVARO;EL CAÑAVERAL;EL CAÑAVERAL FASE 6. PARQUE RL-V27;64.016,79;6,40
19;VICALVARO;VALDEBERNARDO;VALDEBERNARDO M-40;54.970,90;5,50
19;VICALVARO;CASCO H.VICALVARO;PARQUE DE LA VICALVARADA;48.872,99;4,89
19;VICALVARO;EL CAÑAVERAL;EL CAÑAVERAL FASE 6. PARQUE RL-V28;44.732,01;4,47
19;VICALVARO;CASCO H.VICALVARO;AVDA. DAROCA 299;43.933,25;4,39
19;VICALVARO;VALDEBERNARDO;BULEVAR JOSE PRAT PPI - PAU 4;39.299,70;3,93
19;VICALVARO;CASCO H.VICALVARO;CUÑA VERDE VICALVARO ZONA A;37.802,75;3,78
19;VICALVARO;CASCO H.VICALVARO;CUÑA VERDE VICALVARO ZONA D;33.373,08;3,34
19;VICALVARO;CASCO H.VICALVARO;LA DEHESA - ZONA SEMIFORESTAL;31.764,12;3,18
19;VICALVARO;CASCO H.VICALVARO;LA DEHESA - BULEVAR CENTRAL;28.164,15;2,82
19;VICALVARO;VALDERRIVAS;URB. VALDERRIBAS ZV 9.4;24.433,49;2,44
19;VICALVARO;VALDEBERNARDO;PARQUE LADERA LOS ALMENDROS;24.086,72;2,41
19;VICALVARO;VALDEBERNARDO;BULEVAR INDALECIO  PRIETO;22.320,92;2,23
19;VICALVARO;CASCO H.VICALVARO;LTRL. AVDA. DEMOCRACIA PPI - PAU 4;20.320,62;2,03
19;VICALVARO;CASCO H.VICALVARO;URB. LA CATALANA 2ª FASE;17.186,22;1,72
19;VICALVARO;VALDERRIVAS;MED. VILLABLANCA;16.135,99;1,61
19;VICALVARO;CASCO H.VICALVARO;LA DEHESA - ZONA AJARDINADA;15.177,56;1,52
19;VICALVARO;VALDEBERNARDO;URB. VALDERRIBAS ZV 1.2;13.680,34;1,37
19;VICALVARO;CASCO H.VICALVARO;AVDA. DEL PARQUE - POL. IND.;13.546,63;1,35
19;VICALVARO;CASCO H.VICALVARO;PARQUE CASALARREINA;12.910,72;1,29
19;VICALVARO;VALDEBERNARDO;LAS GALLEGAS;12.570,46;1,26
19;VICALVARO;VALDERRIVAS;ZONA E-1 FASE;12.152,09;1,22
19;VICALVARO;EL CAÑAVERAL;EL CAÑAVERAL FASE 6. PARQUE RL-V06;11.759,03;1,18
19;VICALVARO;VALDEBERNARDO;Z.A. DEPOSITO;11.477,36;1,15
19;VICALVARO;CASCO H.VICALVARO;EJE DE LAS GALLEGAS - LTRL.;11.422,47;1,14
19;VICALVARO;CASCO H.VICALVARO;MED. AVDA. DEMOCRACIA;11.243,28;1,12
19;VICALVARO;VALDEBERNARDO;LTRL. AVDA. DE LAS COMUNIDADES;10.093,82;1,01
20;SAN BLAS-CANILLEJAS;HELLIN;PARQUE DE SAN BLAS - EL PARAISO;167.102,55;16,71
20;SAN BLAS-CANILLEJAS;REJAS;PARQUE OCCIDENTE - LAS MERCEDES;69.830,40;6,98
20;SAN BLAS-CANILLEJAS;REJAS;Z.F. AVDA. SEPTIMA;66.515,74;6,65
20;SAN BLAS-CANILLEJAS;REJAS;CIUDAD PEGASO - Z.A.;51.850,83;5,19
20;SAN BLAS-CANILLEJAS;EL SALVADOR;Z.F. COL. MARQUES DE SUANCES;48.612,18;4,86
20;SAN BLAS-CANILLEJAS;REJAS;Z.V. GTA. EISENHOWER;48.139,66;4,81
20;SAN BLAS-CANILLEJAS;ROSAS;PARQUE MARSELLA - TOSCANA;45.555,28;4,56
20;SAN BLAS-CANILLEJAS;REJAS;ARROYO DE REJAS;44.378,26;4,44
20;SAN BLAS-CANILLEJAS;REJAS;CERRO DE LA MESA;43.957,56;4,40
20;SAN BLAS-CANILLEJAS;REJAS;PINARES DE LA C/ YECORA;42.037,15;4,20
20;SAN BLAS-CANILLEJAS;ROSAS;A.V.C. SAN BLAS;40.845,10;4,08
20;SAN BLAS-CANILLEJAS;ROSAS;Pº GINEBRA;37.780,15;3,78
20;SAN BLAS-CANILLEJAS;REJAS;PINAR DE SAN BLAS (PARCELA 7.2);34.875,12;3,49
20;SAN BLAS-CANILLEJAS;ROSAS;Z.V. SOFIA - NIZA;33.715,54;3,37
20;SAN BLAS-CANILLEJAS;REJAS;POLÍGONO DE LAS MERCEDES;32.070,48;3,21
20;SAN BLAS-CANILLEJAS;EL SALVADOR;PARQUE LOPEZ DE ARANDA - MIAMI;28.632,68;2,86
20;SAN BLAS-CANILLEJAS;ARCOS;PARC. APAREJADORES;27.009,08;2,70
20;SAN BLAS-CANILLEJAS;HELLIN;PARC. HELLIN;26.163,45;2,62
20;SAN BLAS-CANILLEJAS;ARCOS;PARC. ALBERICIA;21.460,81;2,15
20;SAN BLAS-CANILLEJAS;ROSAS;J.M. SAN BLAS;20.674,35;2,07
20;SAN BLAS-CANILLEJAS;ROSAS;URB. PARQUE METROPOLITANO;19.440,41;1,94
20;SAN BLAS-CANILLEJAS;EL SALVADOR;MARQUESA DE SANTA MARTA;19.118,48;1,91
20;SAN BLAS-CANILLEJAS;ROSAS;PARQUE BUTRON;18.910,11;1,89
20;SAN BLAS-CANILLEJAS;ROSAS;MED. AVDA. ARCENTALES;17.932,00;1,79
20;SAN BLAS-CANILLEJAS;EL SALVADOR;JOSEFA VALCARCEL;15.095,05;1,51
20;SAN BLAS-CANILLEJAS;SIMANCAS;PARQUE C/ FERNANDO VII;16.424,62;1,64
20;SAN BLAS-CANILLEJAS;ARCOS;AQUITANIA - INSTITUCION LIBRE DE ENSEÑANZA;16.364,00;1,64
20;SAN BLAS-CANILLEJAS;SIMANCAS;AVDA. DE ARCENTALES - MIGUEL YUSTE;15.957,29;1,60
20;SAN BLAS-CANILLEJAS;EL SALVADOR;ALCALA - IQUITOS - RIOBAMBA;15.367,03;1,54
20;SAN BLAS-CANILLEJAS;AMPOSTA;PARC. PAÑERIA;14.883,15;1,49
20;SAN BLAS-CANILLEJAS;ARCOS;PARC. MONTAMARTA;13.948,34;1,39
20;SAN BLAS-CANILLEJAS;HELLIN;PARC. ALBAIDA;19.209,47;1,92
20;SAN BLAS-CANILLEJAS;CANILLEJAS;PARQUE ARQUITECTO ANTONIO PALACIOS;13.849,65;1,38
21;BARAJAS;ALAMEDA DE OSUNA;PARQUE BIOSALUDABLE;97.424,75;9,74
21;BARAJAS;TIMON;ALEJANDRO DE LA SOTA;88.416,74;8,84
21;BARAJAS;TIMON;ENSANCHE DE BARAJAS;76.925,48;7,69
21;BARAJAS;TIMON;Z.F. ENSANCHE DE BARAJAS;75.515,08;7,55
21;BARAJAS;CORRALEJOS;Z.F. LOS CORONALES;63.729,84;6,37
21;BARAJAS;TIMON;CONECTOR JOSE ANTONIO CORRALES;55.128,08;5,51
21;BARAJAS;CORRALEJOS;Z.A. LOS CORONALES;47.446,13;4,74
21;BARAJAS;TIMON;FUERZAS ARMADAS;45.968,68;4,60
21;BARAJAS;TIMON;CONECTOR FERNANDO HIGUERAS;27.846,96;2,78
21;BARAJAS;ALAMEDA DE OSUNA;Z.F. MANUEL AGUILAR M. - PANTEON;23.536,14;2,35
21;BARAJAS;TIMON;MED. MANUEL FRAGA IRIBARNE;20.557,10;2,06
21;BARAJAS;CORRALEJOS;Z.A. ENTRE C/ RIBERA DEL SENA Y TALUD;19.215,42;1,92
21;BARAJAS;TIMON;CONECTOR ESTANISLAO PEREZ PITA;18.849,78;1,88
21;BARAJAS;ALAMEDA DE OSUNA;OBENQUE - MOTOCINE;16.725,27;1,67
21;BARAJAS;TIMON;ARROYO DEL TESORO;16.656,31;1,67
21;BARAJAS;ALAMEDA DE OSUNA;VIA DE LA GASOLINA;16.446,62;1,64
21;BARAJAS;ALAMEDA DE OSUNA;PARQUE Pº ALAMEDA DE OSUNA - BIOSALUDABLE;15.671,35;1,57
21;BARAJAS;ALAMEDA DE OSUNA;MED. AVDA. LOGROÑO I;13.945,94;1,39
21;BARAJAS;CORRALEJOS;MEDS. CAMPO NACIONES;13.567,12;1,36
21;BARAJAS;ALAMEDA DE OSUNA;ANTIGUA EMBAJADA REPUBLICA DOMINICANA;12.797,49;1,28
21;BARAJAS;TIMON;ANTOÑETE;11.014,09;1,10
21;BARAJAS;CORRALEJOS;Z.A. ENTRE C/ RIBERA DEL SENA Y LIMITE FFCC;10.533,89;1,05
21;BARAJAS;ALAMEDA DE OSUNA;APARCAMIENTO DEL CAPRICHO;10.205,28;1,02
21;BARAJAS;TIMON;Z.F. ARTEMISA;9.947,23;0,99
21;BARAJAS;ALAMEDA DE OSUNA;FORESTAL VIA FERREA;9.476,87;0,95
21;BARAJAS;ALAMEDA DE OSUNA;PARQUE MARI LUZ NAJERA;8.346,17;0,83
