id_centro_salud,nombre_centroc,tipo_centro,barrio,id_barrio,distrito,id_distrito,direccion,num,CP,coordenada_x,coordenada_y,latitud,longitud
0,Centro de Atención integral sociosanitaria nocturno,C.SALUD,JUSTICIA,14,CENTRO,1,CALLE HERMANOS ALVAREZ QUINTERO,3.0,28004.0,440835,4475437,40.42747404776084,-3.697485377509971
1,Centro Joven de Madrid Salud,C.SALUD,SOL,16,CENTRO,1,CALLE NAVAS DE TOLOSA,10.0,28013.0,440025,4474530,40.41922883312708,-3.70695436208892
2,Hospital de la Venerable Orden Tercera de San Francisco de Asís,HOSPITAL,PALACIO,11,CENTRO,1,CALLE SAN BERNABE,13.0,28005.0,439424,4473404,40.40905071519981,-3.713942783731201
3,Centro de Salud Palma Norte,C.SALUD,UNIVERSIDAD,15,CENTRO,1,CALLE PALMA,59.0,28015.0,439995,4475350,40.42662261170809,-3.707385433644177
4,CMSc Centro Municipal de Salud Comunitaria Centro,C.SALUD,SOL,16,CENTRO,1,CALLE NAVAS DE TOLOSA,10.0,28013.0,440026,4474527,40.419201879815446,-3.7069422925635527
5,Centro de Salud Mental de Centro,C.SALUD,EMBAJADORES,12,CENTRO,1,CALLE DE LA CABEZA,4.0,28012.0,440389,4473896,40.411670975056886,-3.703881601171723
6,Centro de Salud Justicia,C.SALUD,JUSTICIA,14,CENTRO,1,CALLE REGUEROS,3.0,28004.0,440894,4475102,40.42444378844651,-3.6967767140523407
7,Centro de Salud Las Cortes,C.SALUD,CORTES,13,CENTRO,1,CARRERA SAN JERONIMO,32.0,28014.0,440694,4474219,40.41648415259391,-3.699040190345825
8,Centro de Salud Segovia,C.SALUD,PALACIO,11,CENTRO,1,CALLE SEGOVIA,4.0,28005.0,439772,4473915,40.41367929355596,-3.709890028833593
9,Centro de Salud Alameda,C.SALUD,CORTES,13,CENTRO,1,CALLE ALAMEDA,5.0,28014.0,441134,4473722,40.41203809922692,-3.693820066399226
10,Centro de Salud Lavapiés,C.SALUD,EMBAJADORES,12,CENTRO,1,CALLE EMBAJADORES,41.0,28012.0,440383,4473444,40.40759871063607,-3.7039098865773954
11,Centro de Atención integral sociosanitario diurno (Cruz Roja),C.SALUD,JUSTICIA,14,CENTRO,1,CALLE HERMANOS ALVAREZ QUINTERO,3.0,28004.0,440835,4475437,40.42747404776084,-3.697485377509971
12,CMSc Centro Municipal de Salud Comunitaria Arganzuela,C.SALUD,ACACIAS,22,ARGANZUELA,2,CALLE CONCEJAL BENITO MARTIN LOZANO,1.0,28005.0,439685,4473029,40.40569156269297,-3.710819612821558
13,Centro de Salud Delicias,C.SALUD,PALOS DE MOGUER,26,ARGANZUELA,2,CALLE DELICIAS,5.0,28045.0,441017,4472865,40.40430960161495,-3.695107740220054
14,Centro de Salud Cáceres,C.SALUD,DELICIAS,25,ARGANZUELA,2,CALLE CACERES,4.0,28045.0,441018,4472235,40.39862523060971,-3.695049273710594
15,Centro de Salud Legazpi,C.SALUD,LEGAZPI,24,ARGANZUELA,2,CALLE ANTRACITA,2.0,28045.0,441406,4471444,40.3896544326236,-3.691669795250752
16,Centro de Salud Embajadores,C.SALUD,PALOS DE MOGUER,26,ARGANZUELA,2,CALLE CARDENAL SOLIS,6.0,28012.0,440647,4472617,40.40204912778231,-3.699456498318929
17,Centro de Especialidades Periférico Pontones FJD,C.ESPECIALIDADES,IMPERIAL,21,ARGANZUELA,2,RONDA SEGOVIA,52.0,28005.0,439524,4473155,40.40681495043134,-3.712728851523646
18,Centro de Salud Párroco Julio Morate,C.SALUD,CHOPERA,23,ARGANZUELA,2,CALLE PARROCO JULIO MORATE,3.0,28045.0,440686,4472076,40.397178304464624,-3.6989465308833567
19,Centro de Salud Martín de Vargas,C.SALUD,ACACIAS,22,ARGANZUELA,2,CALLE MARTIN DE VARGAS,15.0,28005.0,440437,4472730,40.403052163464125,-3.7019298551038102
20,Centro de Salud Mental de Arganzuela,C.SALUD,IMPERIAL,21,ARGANZUELA,2,RONDA DE SEGOVIA,52.0,28005.0,439524,4473155,40.40680594196195,-3.712728756496077
21,Centro de Salud Paseo Imperial,C.SALUD,IMPERIAL,21,ARGANZUELA,2,CALLE TOLEDO,180.0,28005.0,439381,4472578,40.4016064809333,-3.7143483544427744
22,Centro de Atención a las Adicciones (CAD) de Arganzuela,C.ADICCIONES,CHOPERA,23,ARGANZUELA,2,PASEO CHOPERA,12.0,28045.0,440757,4471619,40.39305745803064,-3.6980673403694095
23,Centro de Salud Linneo,C.SALUD,IMPERIAL,21,ARGANZUELA,2,CALLE LINNEO,3.0,28005.0,438877,4473882,40.41330775966558,-3.720434908279482
24,Centro de Salud Adelfas,C.SALUD,ADELFAS,32,RETIRO,3,AVENIDA CIUDAD DE BARCELONA,190.0,28007.0,442752,4472478,40.40093539108989,-3.674627437605316
25,Hospital Beata María Ana de Hermanas Hospitalarias,HOSPITAL,ESTRELLA,33,RETIRO,3,CALLE DOCTOR ESQUERDO,83.0,28007.0,443243,4474375,40.4180582197158,-3.669010928401377
26,Hospital General Universitario Gregorio Marañón,HOSPITAL,IBIZA,34,RETIRO,3,CALLE DOCTOR ESQUERDO,46.0,28007.0,443211,4474518,40.419353265375385,-3.669400954524192
27,Centro de Salud Mental Retiro,C.SALUD,IBIZA,34,RETIRO,3,CALLE LOPE DE RUEDA,43.0,28009.0,442516,4474556,40.4196477997268,-3.677607955870502
28,Hospital Infantil Universitario Niño Jesús,HOSPITAL,NIÑO JESUS,36,RETIRO,3,AVENIDA MENENDEZ PELAYO,65.0,28009.0,442563,4473913,40.41385863456095,-3.676984129087868
29,Centro para la prevención y atención de las adicciones en adolescentes y jóvenes Los Mesejo,C.ADICCIONES,ADELFAS,32,RETIRO,3,CALLE LOS MESEJO,9.0,28007.0,443139,4472316,40.39951152980008,-3.670052831164532
30,Centro de Salud Ibiza,C.SALUD,IBIZA,34,RETIRO,3,CALLE IBIZA,7.0,28009.0,442484,4474432,40.41851952391536,-3.6779738285565498
31,Centro de Salud Pacífico,C.SALUD,NIÑO JESUS,36,RETIRO,3,CALLE REYES MAGOS,21.0,28007.0,442663,4473467,40.4079663650538,-3.67704293920089
32,Clínica Neuro-Psiquiátrica Doctor León,C.SALUD,NIÑO JESUS,36,RETIRO,3,PLAZA MARIANO DE CAVIA,3.0,28007.0,442452,4473230,40.407698072539176,-3.678242360181902
33,Centro Madrid Salud Internacional. Centro de Vacunación Internacional,C.VACUNACION,LISTA,45,SALAMANCA,4,CALLE MONTESA,22.0,28006.0,442986,4475588,40.428976927386806,-3.672160702635389
34,Centro de Salud Goya,C.SALUD,GOYA,42,SALAMANCA,4,CALLE O'DONNELL,55.0,28009.0,443044,4474755,40.42147680417171,-3.671402353165908
35,Centro de Salud Baviera,C.SALUD,GUINDALERA,44,SALAMANCA,4,CALLE PINTOR MORENO CARBONERO,21.0,28028.0,443347,4476701,40.43902745468173,-3.667988614336573
36,Centro de Vacunación de la Comunidad de Madrid,C.VACUNACION,CASTELLANA,46,SALAMANCA,4,CALLE GENERAL ORAA,15.0,28006.0,441824,4476417,40.43636457358726,-3.6859229121375687
37,CMSc Centro Municipal de Salud Comunitaria Salamanca Retiro,C.SALUD,RECOLETOS,41,SALAMANCA,4,CALLE NUÑEZ DE BALBOA,40.0,28001.0,442103,4475356,40.42682615950744,-3.6825349481985135
38,Centro de Salud Castelló,C.SALUD,RECOLETOS,41,SALAMANCA,4,CALLE CASTELLO,63.0,28001.0,442204,4475561,40.428679802203575,-3.681364992353443
39,Complejo Hospitalario Ruber Juan Bravo,HOSPITAL,LISTA,45,SALAMANCA,4,CALLE JUAN BRAVO,39.0,28006.0,442513,4476005,40.43270280839362,-3.677762569951613
40,Centro de Salud Lagasca,C.SALUD,CASTELLANA,46,SALAMANCA,4,CALLE LAGASCA,122.0,28006.0,441966,4476329,40.43558167892149,-3.684252530537986
41,Centro de Salud Londres,C.SALUD,GUINDALERA,44,SALAMANCA,4,CALLE LONDRES,55.0,28028.0,443516,4475905,40.43185977714678,-3.665940914139121
42,Centro de Salud Mental de Chamartín,C.SALUD,GUINDALERA,44,SALAMANCA,4,CALLE MARQUÉS DE AHUMADA,11.0,28028.0,443328,4476442,40.4366846275659,-3.668193331101843
43,Centro de Salud Montesa,C.SALUD,LISTA,45,SALAMANCA,4,CALLE MONTESA,38.0,28006.0,442999,4475775,40.43066819867429,-3.672008133361961
44,Centro de Vacunación Internacional. Delegación del Gobierno en Madrid,C.VACUNACION,LISTA,45,SALAMANCA,4,CALLE FRANCISCO SILVELA,57.0,28028.0,442809,4476157,40.43409068468075,-3.6742866612680745
45,Centro de Salud Mental de Salamanca,C.SALUD,GOYA,42,SALAMANCA,4,CALLE O'DONNELL,55.0,28009.0,443044,4474755,40.42147680417171,-3.671402353165908
46,Hospital Universitario Santa Cristina,HOSPITAL,GOYA,42,SALAMANCA,4,CALLE MAESTRO VIVES,2.0,28009.0,443165,4475011,40.42191003470632,-3.6712652060202977
47,Centro de Prevención de Deterioro Cognitivo,C.PREVENTIVOS,LISTA,45,SALAMANCA,4,CALLE MONTESA,22.0,28006.0,442986,4475588,40.428976927386806,-3.672160702635389
48,Centro de Especialidades Periférico Hermanos García Noblejas,C.ESPECIALIDADES,FUENTE DEL BERRO,43,SALAMANCA,4,CALLE DOCTOR ESQUERDO,45.0,28028.0,443287,4474984,40.42355642368607,-3.668546719643055
49,Hospital Nuestra Señora del Rosario,HOSPITAL,CASTELLANA,46,SALAMANCA,4,CALLE PRINCIPE DE VERGARA,53.0,28006.0,442450,4476139,40.43202238342307,-3.6797953394778378
50,Servicio de Inmunoprofilaxis de la Rabia Humana,C.ESPECIALIDADES,LISTA,45,SALAMANCA,4,CALLE MONTESA,22.0,28006.0,442986,4475588,40.428976927386806,-3.672160702635389
51,Centro de Diagnóstico Médico,C.ESPECIALIDADES,LISTA,45,SALAMANCA,4,CALLE MONTESA,22.0,28006.0,442986,4475588,40.428976927386806,-3.672160702635389
52,Centro de Promoción de Hábitos Saludables,C.ESPECIALIDADES,LISTA,45,SALAMANCA,4,CALLE MONTESA,22.0,28006.0,442985,4475573,40.42884173116568,-3.672171145701459
53,Instituto Provincial de Rehabilitación,C.REHABILITACION,GUINDALERA,44,SALAMANCA,4,CALLE FRANCISCO SILVELA,40.0,28028.0,442940,4476047,40.4330997384476,-3.672732295798407
54,Laboratorio de Análisis Clínicos,LABORATORIO,LISTA,45,SALAMANCA,4,CALLE MONTESA,22.0,28006.0,443095,4475795,40.428976927386806,-3.672160702635389
55,Hospital Universitario de  La Princesa,HOSPITAL,LISTA,45,SALAMANCA,4,CALLE DIEGO DE LEON,62.0,28006.0,442797,4476402,40.43442460950326,-3.67572838355801
56,Hospital Virgen del Mar,HOSPITAL,NUEVA ESPAÑA,55,CHAMARTIN,5,CALLE HONDURAS,14.0,28016.0,442469,4478984,40.45953411819078,-3.678562891899217
57,Centro de Salud Segre,C.SALUD,EL VISO,51,CHAMARTIN,5,CALLE SEGRE,27.0,28002.0,441885,4478070,40.45125976007345,-3.6853667626105735
58,Hospital San Rafael,HOSPITAL,HISPANOAMERICA,54,CHAMARTIN,5,CALLE SERRANO,199.0,28016.0,442213,4478144,40.45194925430998,-3.681505626623285
59,Hospital San Francisco de Asís,HOSPITAL,EL VISO,51,CHAMARTIN,5,CALLE JOAQUIN COSTA,28.0,28002.0,442071,4477098,40.44250757857412,-3.6830728592371615
60,Centro de Salud Ciudad Jardín,C.SALUD,CIUDAD JARDIN,53,CHAMARTIN,5,CALLE PANTOJA,3.0,28002.0,443142,4477625,40.44733798955038,-3.67049219748446
61,Centro de Salud Príncipe de Vergara,C.SALUD,EL VISO,51,CHAMARTIN,5,CALLE PRINCIPE DE VERGARA,111.0,28002.0,442402,4476815,40.43999018256103,-3.679144549510143
62,Centro de Salud Prosperidad,C.SALUD,PROSPERIDAD,52,CHAMARTIN,5,CALLE CANILLAS,99.0,28002.0,443218,4477257,40.44401898273562,-3.669574836728388
63,Centro de Salud Potosí,C.SALUD,HISPANOAMERICA,54,CHAMARTIN,5,CALLE POTOSI,7.0,28016.0,442401,4478719,40.45714216744823,-3.6793408196533415
64,Hospital Quirónsalud San José,HOSPITAL,PROSPERIDAD,52,CHAMARTIN,5,CALLE CARTAGENA,111.0,28002.0,442797,4476873,40.44053093314876,-3.674492498969222
65,Centro de Salud Núñez Morgado,C.SALUD,CASTILLA,56,CHAMARTIN,5,CALLE NUÑEZ MORGADO,4.0,28036.0,441901,4479968,40.46834995795906,-3.6853399366612463
66,Centro Concertado de Atención a las Adicciones (CCAD) Cáritas Madrid,C.ADICCIONES,PROSPERIDAD,52,CHAMARTIN,5,CALLE SANTA HORTENSIA,1.0,28002.0,443159,4477482,40.446053313442704,-3.670276612451652
67,Centro de Salud Santa Hortensia,C.SALUD,PROSPERIDAD,52,CHAMARTIN,5,CALLE SANTA HORTENSIA,14.0,28002.0,443192,4477384,40.4451613534044,-3.6698809711248352
68,Organización Nacional de Trasplantes,C.ESPECIALIDADES,ALMENARA,64,TETUAN,6,CALLE SINESIO DELGADO,6.0,28029.0,441690,4480603,40.47406445678991,-3.687898995406082
69,Centro de Atención a las Adicciones (CAD) de Tetuán,C.ADICCIONES,ALMENARA,64,TETUAN,6,CALLE PINOS ALTA,122.0,28029.0,440529,4480255,40.47084721439769,-3.701561801865397
70,Unidad de Salud Mental de niños y adolescentes Tetuán,C.PSIQUIATRICOS,ALMENARA,64,TETUAN,6,CALLE AGUILEÑAS,1.0,28029.0,441196,4479654,40.46548064796593,-3.693638378102064
71,Centro de Salud Villaamil,C.SALUD,BERRUGUETE,66,TETUAN,6,CALLE VILLAAMIL,19.0,28039.0,440114,4478819,40.45788141899218,-3.706309685675355
72,Centro de Salud La Ventilla,C.SALUD,ALMENARA,64,TETUAN,6,AVENIDA ASTURIAS,61.0,28029.0,440756,4480318,40.471430965072216,-3.6988900682572
73,Centro de Salud José Marvá,C.SALUD,VALDEACEDERAS,65,TETUAN,6,CALLE BRAVO MURILLO,317.0,28020.0,441038,4479638,40.46344389355506,-3.696754927700333
74,Centro de Salud Infanta Mercedes,C.SALUD,CUATRO CAMINOS,62,TETUAN,6,CALLE INFANTA MERCEDES,7.0,28020.0,440802,4478480,40.45299526555742,-3.6994420003701567
75,Centro de Atención Integral a Drogodependientes CAID Norte,C.ADICCIONES,BERRUGUETE,66,TETUAN,6,CALLE NUESTRA SEÑORA DEL CARMEN,46.0,28039.0,440306,4479190,40.46123735083859,-3.704080246123992
76,Centro de Especialidades Periférico José Marvá,C.ESPECIALIDADES,VALDEACEDERAS,65,TETUAN,6,CALLE BRAVO MURILLO,317.0,28020.0,440929,4479430,40.46344389355506,-3.696754927700333
77,Centro de Salud Bustarviejo,C.SALUD,CASTILLEJOS,63,TETUAN,6,CALLE BUSTARVIEJO,5.0,28020.0,441038,4479298,40.462253445775815,-3.695468776873609
78,Hospital Central de la Cruz Roja San José y Santa Adela,HOSPITAL,BELLAS VISTAS,61,TETUAN,6,AVENIDA REINA VICTORIA,22.0,28003.0,440051,4477637,40.447228937084034,-3.7069410696045617
79,CMSc Centro Municipal de Salud Comunitaria Salud Tetuán,C.SALUD,ALMENARA,64,TETUAN,6,CALLE AGUILEÑAS,1.0,28029.0,441196,4479654,40.46548064796593,-3.693638378102064
80,Centro de Salud Reina Victoria,C.SALUD,VALLEHERMOSO,76,CHAMBERI,7,AVENIDA REINA VICTORIA,21.0,28003.0,439993,4477596,40.44684632686601,-3.707632801126074
81,Centro de Salud Andrés Mellado,C.SALUD,GAZTAMBIDE,71,CHAMBERI,7,CALLE ANDRES MELLADO,37.0,28015.0,439397,4476221,40.4344298644371,-3.714517224193597
82,Instituto Provincial de Oftalmología,C.OFTALMOLOGIA,ALMAGRO,74,CHAMBERI,7,CALLE GENERAL ARRANDO,17.0,28010.0,441216,4475919,40.431826525287136,-3.693056662156631
83,Centro de Salud Cea Bermúdez,C.SALUD,VALLEHERMOSO,76,CHAMBERI,7,CALLE CEA BERMUDEZ,10.0,28003.0,440030,4476713,40.438903566928445,-3.707113252469164
84,Centro de Salud Mental de Chamberí,C.SALUD,RIOS ROSAS,75,CHAMBERI,7,CALLE MODESTO LAFUENTE,21.0,28003.0,440951,4476834,40.44005949998657,-3.696265827531813
85,Hospital Virgen de La Paloma,HOSPITAL,VALLEHERMOSO,76,CHAMBERI,7,CALLE LOMA,1.0,28003.0,439282,4477434,40.44533534012265,-3.716001027645854
86,Centro de Salud Mental Tetuán,C.SALUD,RIOS ROSAS,75,CHAMBERI,7,CALLE MAUDES,32.0,28003.0,440674,4477400,40.44512955125298,-3.699584503327308
87,Hospital Viamed Santa Elena,HOSPITAL,VALLEHERMOSO,76,CHAMBERI,7,CALLE GRANJA,8.0,28003.0,439187,4477477,40.44572483924688,-3.7171136100108857
88,Hospital La Luz,HOSPITAL,VALLEHERMOSO,76,CHAMBERI,7,CALLE MAESTRO ANGEL LLORCA,8.0,28003.0,439450,4477295,40.44410450540465,-3.7139951646612026
89,Centro de Salud Guzmán el Bueno,C.SALUD,GAZTAMBIDE,71,CHAMBERI,7,CALLE GUZMAN EL BUENO,11.0,28015.0,439473,4475872,40.43128712671835,-3.713600213433194
90,Hospital La Milagrosa,HOSPITAL,ALMAGRO,74,CHAMBERI,7,CALLE MODESTO LAFUENTE,14.0,28010.0,440972,4476499,40.43703422204979,-3.695975226567994
91,Centro de Especialidades Periférico Modesto Lafuente,C.ESPECIALIDADES,RIOS ROSAS,75,CHAMBERI,7,CALLE MODESTO LAFUENTE,21.0,28003.0,440951,4476834,40.4400595709992,-3.696254037234497
92,Hospital Universitario HM Madrid,HOSPITAL,ARAPILES,72,CHAMBERI,7,PLAZA CONDE DEL VALLE DE SUCHIL,16.0,28015.0,440048,4475872,40.43132876968812,-3.706821691696728
93,CMSc Centro Municipal de Salud Comunitaria  Chamberí,C.SALUD,ALMAGRO,74,CHAMBERI,7,CALLE RAFAEL CALVO,6.0,28010.0,440985,4476318,40.43353205080221,-3.697082735485368
94,Centro de Salud Eloy Gonzalo,C.SALUD,TRAFALGAR,73,CHAMBERI,7,CALLE ELOY GONZALO,24.0,28010.0,440617,4476387,40.43412739234342,-3.701427600778644
95,Centro de Salud Espronceda,C.SALUD,RIOS ROSAS,75,CHAMBERI,7,CALLE ESPRONCEDA,24.0,28003.0,440910,4476884,40.44050708089837,-3.696742089674913
96,Centro de Salud Mental Fuencarral,C.SALUD,LA PAZ,85,FUENCARRAL-EL PARDO,8,CALLE MELCHOR FERNÁNDEZ ALMAGRO,1.0,28029.0,441422,4480951,40.4771715137825,-3.691092443221497
97,Centro de Salud Barrio del Pilar,C.SALUD,LA PAZ,85,FUENCARRAL-EL PARDO,8,CALLE FINISTERRE,18.0,28029.0,440501,4481036,40.47787174931889,-3.701965253145552
98,Clínica San Vicente,C.SALUD,MIRASIERRA,87,FUENCARRAL-EL PARDO,8,AVENIDA VENTISQUERO DE LA CONDESA,46.0,28035.0,439249,4482788,40.49357279042832,-3.716891138866988
99,Hospital Hestia Madrid,HOSPITAL,EL GOLOSO,88,FUENCARRAL-EL PARDO,8,CARRETERA M-607,1600.0,28049.0,440721,4487960,40.5395209021876,-3.701180801924728
100,Hospital Universitario la Paz,HOSPITAL,LA PAZ,85,FUENCARRAL-EL PARDO,8,PASEO CASTELLANA,261.0,28046.0,441863,4481306,40.48040956769202,-3.685910892712472
101,Hospital Universitario Ramón y Cajal,HOSPITAL,VALVERDE,86,FUENCARRAL-EL PARDO,8,CALLE SAN MODESTO,50.0,28034.0,441183,4482120,40.487697116829246,-3.693996974370433
102,Unidad de Salud Mental de niños y adolescentes Fuencarral,C.PSIQUIATRICOS,PEÑA GRANDE,83,FUENCARRAL-EL PARDO,8,CALLE CANDIDO MATEOS,11.0,28035.0,439125,4480481,40.47277245807722,-3.71813267268184
103,Hospital Carlos III,HOSPITAL,LA PAZ,85,FUENCARRAL-EL PARDO,8,CALLE SINESIO DELGADO,10.0,28029.0,441011,4480715,40.47502578668782,-3.69589607039969
104,Centro de Salud Ciudad de los Periodistas,C.SALUD,LA PAZ,85,FUENCARRAL-EL PARDO,8,CALLE VALENCIA DE DON JUAN,1.0,28034.0,440052,4481806,40.48478649927839,-3.707313384657511
105,Centro de Salud Mirasierra,C.SALUD,MIRASIERRA,87,FUENCARRAL-EL PARDO,8,CALLE MIRADOR DE LA REINA,117.0,28035.0,439084,4482470,40.49069597624914,-3.718819303334679
106,Centro de Salud Virgen de Begoña,C.SALUD,VALVERDE,86,FUENCARRAL-EL PARDO,8,AVENIDA LLANO CASTELLANO,3.0,28034.0,442049,4481928,40.48414436483163,-3.685052205359965
107,Centro de Salud Fuencarral,C.SALUD,VALVERDE,86,FUENCARRAL-EL PARDO,8,CALLE ISLA DE JAVA,53.0,28034.0,441882,4482563,40.49174226781959,-3.685793934822406
108,Centro de Salud Fuentelarreina,C.SALUD,PEÑA GRANDE,83,FUENCARRAL-EL PARDO,8,CALLE ALFONSO RODRIGUEZ CASTELAO,17.0,28035.0,437799,4481539,40.4822140223864,-3.7338779503799406
109,Centro de Salud El Pardo,C.SALUD,EL PARDO,81,FUENCARRAL-EL PARDO,8,CALLE CARLOS MORLA LYNCH,2.0,28048.0,434187,4485593,40.51845479322299,-3.776911691678247
110,CMSc Centro Municipal de Salud Comunitaria Fuencarral,C.SALUD,EL PILAR,84,FUENCARRAL-EL PARDO,8,AVENIDA MONFORTE DE LEMOS,38.0,28029.0,439867,4481122,40.47860087334554,-3.709440834297995
111,Centro de Salud Doctor Castroviejo,C.SALUD,PEÑA GRANDE,83,FUENCARRAL-EL PARDO,8,CALLE CANDIDO MATEOS,11.0,28035.0,439125,4480481,40.47277245807722,-3.71813267268184
112,Clínica CEMTRO,C.SALUD,MIRASIERRA,87,FUENCARRAL-EL PARDO,8,AVENIDA VENTISQUERO DE LA CONDESA,42.0,28035.0,439249,4482788,40.49357279042832,-3.716891138866988
113,Centro de Especialidades Periférico Peña Grande,C.ESPECIALIDADES,PEÑA GRANDE,83,FUENCARRAL-EL PARDO,8,CALLE ISLA DE CERDE&amp;Ntilde;A,8.0,28035.0,438532,4480730,40.47498848561596,-3.725147502641296
114,Hospital Ruber Internacional,HOSPITAL,MIRASIERRA,87,FUENCARRAL-EL PARDO,8,CALLE MASO,38.0,28034.0,439409,4482315,40.48931453671997,-3.7149578807926
115,Centro de Salud Mental de Moncloa,C.SALUD,ARGÜELLES,92,MONCLOA-ARAVACA,9,CALLE DE QUINTANA,11.0,28008.0,439158,4475489,40.42780498311375,-3.7172651165081847
116,Hospital HLA Universitario Moncloa,HOSPITAL,CASA DE CAMPO,91,MONCLOA-ARAVACA,9,AVENIDA VALLADOLID,83.0,28008.0,437763,4476097,40.433178814794495,-3.733780797309077
117,Centro de Salud María Auxiliadora,C.SALUD,CIUDAD UNIVERSITARIA,93,MONCLOA-ARAVACA,9,CALLE MARIA AUXILIADORA,3.0,28040.0,439473,4478793,40.4576006881379,-3.713878552030788
118,Centro de Salud Argüelles,C.SALUD,ARGUELLES,92,MONCLOA-ARAVACA,9,CALLE QUINTANA,11.0,28008.0,439158,4475489,40.427813991541385,-3.717265212211469
119,Hospital Clínico San Carlos,HOSPITAL,CIUDAD UNIVERSITARIA,93,MONCLOA-ARAVACA,9,CALLE PROFESOR MARTIN LAGOS,2.0,28040.0,438975,4476810,40.43969162044758,-3.7195609709099218
120,Unidad móvil Madroño,UNIDAD MOVIL,ARGUELLES,92,MONCLOA-ARAVACA,9,PASEO REY,36.0,28008.0,439092,4474684,40.42054836583698,-3.7179660205926224
121,Hospital Vithas Madrid Pardo de Aravaca,HOSPITAL,VALDEMARIN,95,MONCLOA-ARAVACA,9,CALLE LA SALLE,12.0,28023.0,433581,4479813,40.46633906243526,-3.783470759971295
122,Centro de Salud Ventura Rodríguez,C.SALUD,ARGUELLES,92,MONCLOA-ARAVACA,9,CALLE VENTURA RODRIGUEZ,7.0,28008.0,439455,4475204,40.42526825572236,-3.713737002455046
123,Clínica López Ibor,C.SALUD,VALDEZARZA,94,MONCLOA-ARAVACA,9,CALLE DOCTOR JUAN JOSE LOPEZ IBOR,2.0,28035.0,438589,4479945,40.4679134611177,-3.724415306447472
124,Clínica Isadora,C.SALUD,CIUDAD UNIVERSITARIA,93,MONCLOA-ARAVACA,9,CALLE PIRINEOS,7.0,28040.0,439364,4478953,40.45715237904704,-3.71644490109906
125,Hospital Universitario La Zarzuela,HOSPITAL,ARAVACA,97,MONCLOA-ARAVACA,9,CALLE PLEYADES,25.0,28023.0,433525,4479376,40.46238897755276,-3.784085377424231
126,Centro de Salud Isla de Oza,C.SALUD,CIUDAD UNIVERSITARIA,93,MONCLOA-ARAVACA,9,CALLE SAN MARTIN DE PORRES,6.0,28035.0,438346,4479962,40.46803959512204,-3.7272830680164577
127,Centro de Especialidades Periférico Argüelles,C.ESPECIALIDADES,ARGUELLES,92,MONCLOA-ARAVACA,9,CALLE QUINTANA,11.0,28008.0,439158,4475489,40.427813991541385,-3.717265212211469
128,Centro de Prevención de Riesgos Laborales Fabiola de Mora y Aragón,C.PREVENTIVOS,CIUDAD UNIVERSITARIA,93,MONCLOA-ARAVACA,9,CARRETERA DEHESA DE LA VILLA,1.0,28040.0,438892,4478863,40.45817981904011,-3.7207253118064822
129,Centro de Salud Aravaca,C.SALUD,ARAVACA,97,MONCLOA-ARAVACA,9,CALLE RIAZA,5.0,28023.0,433723,4478714,40.45644133669237,-3.781681045970109
130,Centro de donación de sangre de Cruz Roja,C.DONACION,CIUDAD UNIVERSITARIA,93,MONCLOA-ARAVACA,9,CALLE JUAN MONTALVO,3.0,28040.0,439802,4477685,40.44763426672896,-3.709893403930222
131,Centro de Salud Valdezarza-Sur,C.SALUD,VALDEZARZA,94,MONCLOA-ARAVACA,9,CALLE AZUAGA,13.0,28039.0,439676,4479445,40.46347990936106,-3.7115463824075423
132,Centro de Salud Casa de Campo,C.SALUD,CASA DE CAMPO,91,MONCLOA-ARAVACA,9,CALLE RIBERA DEL MANZANARES,113.0,28008.0,438061,4475708,40.42782393254158,-3.731494497212358
133,Hospital Universitario Fundación Jiménez Díaz,HOSPITAL,CIUDAD UNIVERSITARIA,93,MONCLOA-ARAVACA,9,AVENIDA REYES CATOLICOS,2.0,28040.0,439139,4476891,40.43856066906922,-3.718888630279226
134,Centro de Salud Pascual Rodríguez,C.SALUD,LUCERO,103,LATINA,10,CALLE PASCUAL RODRIGUEZ,21.0,28011.0,436928,4473075,40.40589264108715,-3.743313116608889
135,Hospital Central de la Defensa Gómez Ulla,HOSPITAL,ALUCHE,104,LATINA,10,GLORIETA EJERCITO,1.0,28047.0,436724,4471089,40.38800328931783,-3.7455093184725374
136,Centro de Salud Valle Inclan,C.SALUD,LAS AGUILAS,107,LATINA,10,CALLE VALLE INCLAN,97.0,28044.0,434349,4470009,40.37620019864498,-3.774662762626922
137,CMSc Centro Municipal de Salud Comunitaria Latina,C.SALUD,PUERTA DEL ANGEL,102,LATINA,10,PASEO EXTREMADURA,147.0,28011.0,437283,4473479,40.40955885950758,-3.7391695341734
138,Sanatorio Esquerdo,C.PSIQUIATRICOS,LAS AGUILAS,107,LATINA,10,AVENIDA POBLADOS,70.0,28044.0,435667,4470423,40.38190580588028,-3.7579168409144583
139,Fundación Vianorte-Laguna,HOSPITAL,LUCERO,103,LATINA,10,CALLE CONCEJAL FRANCISCO JOSE JIMENEZ MARTIN,128.0,28047.0,436609,4472480,40.40052019760962,-3.747005145040932
140,Centro de Salud Puerta del Ángel,C.SALUD,PUERTA DEL ANGEL,102,LATINA,10,PASEO EXTREMADURA,113.0,28011.0,437617,4473636,40.41100721204765,-3.735260663338592
141,Centro Concertado de Atención a las Adicciones (CCAD) Casa de Campo (Cruz Roja),C.ADICCIONES,PUERTA DEL ANGEL,102,LATINA,10,AVENIDA PORTUGAL,0.0,28011.0,438577,4474219,40.41633059885888,-3.7239914257003295
142,Centro de Salud Mental Latina - Las Águilas,C.SALUD,LAS AGUILAS,107,LATINA,10,CALLE JOSE DE CADALSO,0.0,28044.0,434494,4470515,40.38264318541147,-3.771744197591826
143,Centro de Salud Lucero,C.SALUD,LUCERO,103,LATINA,10,CALLE LATINA,14.0,28047.0,436295,4472562,40.40122306053067,-3.750732953576111
144,Centro de Salud Los Yébenes,C.SALUD,ALUCHE,104,LATINA,10,CALLE LOS YEBENES,46.0,28047.0,436050,4471909,40.39533080309605,-3.753554389834558
145,Centro de Salud Maqueda,C.SALUD,ALUCHE,104,LATINA,10,CALLE SESE&amp;Ntilde;A,44.0,28024.0,435004,4472057,40.396574059845015,-3.765893700384321
146,Centro de Especialidades Periférico Avenida de Portugal,C.ESPECIALIDADES,PUERTA DEL ANGEL,102,LATINA,10,AVENIDA PORTUGAL,155.0,28011.0,437399,4473658,40.41118910558646,-3.737820198985773
147,Centro de Salud Los Cármenes,C.SALUD,LOS CARMENES,101,LATINA,10,CALLE VIA CARPETANA,202.0,28047.0,437443,4472091,40.397067128465096,-3.737159325557849
148,Centro de Salud Las Águilas,C.SALUD,LAS AGUILAS,107,LATINA,10,CALLE JOSE DE CADALSO,51.0,28044.0,434762,4469976,40.37781777286016,-3.768520276993845
149,Centro de Salud Campamento,C.SALUD,CAMPAMENTO,105,LATINA,10,CALLE MIRUE&amp;Ntilde;A,5.0,28024.0,433676,4471746,40.393721254108925,-3.781591559690343
150,Centro de Salud General Fanjul,C.SALUD,LAS AGUILAS,107,LATINA,10,AVENIDA LAS AGUILAS,18.0,28044.0,434034,4470441,40.38194936141383,-3.777143692893756
151,Centro de Salud Mental de Latina - Galiana,C.SALUD,PUERTA DEL ANGEL,102,LATINA,10,CALLE GALIANA,1.0,28011.0,437933,4473534,40.41010296708976,-3.7315265142002514
152,Centro de Atención a las Adicciones (CAD) de Latina,C.ADICCIONES,ALUCHE,104,LATINA,10,CALLE CAMARENA,10.0,28047.0,435820,4471982,40.39597072367931,-3.7562716852987847
153,Centro de Salud Cebreros,C.SALUD,LUCERO,103,LATINA,10,CALLE CEBREROS,74.0,28011.0,436487,4473063,40.40575093761937,-3.7485205362421
154,Centro de Salud Caramuel,C.SALUD,PUERTA DEL ANGEL,102,LATINA,10,CALLE FUENTEOVEJUNA,17.0,28011.0,438225,4473427,40.40916086026776,-3.7280631261494497
155,Centro de Salud General Ricardos,C.SALUD,OPAÑEL,112,CARABANCHEL,11,CALLE GENERAL RICARDOS,131.0,28019.0,438193,4471373,40.3906640645144,-3.728252705868516
156,Centro de Salud Comillas,C.SALUD,COMILLAS,111,CARABANCHEL,11,CALLE EDUARDO MARQUINA,33.0,28019.0,439740,4471543,40.39230886184925,-3.7100426086851535
157,Centro de Salud Quince de Mayo,C.SALUD,SAN ISIDRO,113,CARABANCHEL,11,PASEO QUINCE DE MAYO,10.0,28019.0,439183,4472362,40.39776459167667,-3.7179478251425855
158,Centro de Salud Abrantes,C.SALUD,ABRANTES,117,CARABANCHEL,11,AVENIDA ABRANTES,55.0,28025.0,438251,4470308,40.381074416720594,-3.7274543653739816
159,Centro de Salud Puerta Bonita,C.SALUD,PUERTA BONITA,115,CARABANCHEL,11,CALLE ALEGRIA,24.0,28025.0,437794,4470663,40.38423835656165,-3.732884226172525
160,Centro de Salud Mental Aguacate - Carabanchel,C.SALUD,BUENAVISTA,116,CARABANCHEL,11,CALLE DEL AGUACATE,13.0,28044.0,436509,4469343,40.37211362820288,-3.7481246564255
161,Centro de Salud Mental Infanto juvenil Carabanchel - Usera,C.SALUD,BUENAVISTA,116,CARABANCHEL,11,CALLE ANTONIA RODRÍGUEZ SACRISTÁN,4.0,28044.0,436517,4469439,40.37311569945423,-3.747805917371201
162,Centro de Especialidades Periférico Carabanchel Alto,C.ESPECIALIDADES,BUENAVISTA,116,CARABANCHEL,11,CALLE AGUACATE,13.0,28044.0,436498,4469315,40.37199728022393,-3.7480055783841606
163,CMSc Centro Municipal de Salud Comunitaria Carabanchel,C.SALUD,VISTA ALEGRE,114,CARABANCHEL,11,CALLE EUGENIA DE MONTIJO,90.0,28025.0,436587,4470216,40.37830205060461,-3.748252006016631
164,Centro de Salud Nuestra Señora de Fátima,C.SALUD,VISTA ALEGRE,114,CARABANCHEL,11,AVENIDA NUESTRA SEÑORA DE FATIMA,93.0,28047.0,436437,4470112,40.3791723619984,-3.748803532455984
165,Centro de Salud Guayaba,C.SALUD,BUENAVISTA,116,CARABANCHEL,11,CALLE ANTONIA RODRIGUEZ SACRISTAN,4.0,28044.0,436527,4469443,40.37314356256149,-3.747676652704028
166,Centro de Salud Carabanchel Alto,C.SALUD,BUENAVISTA,116,CARABANCHEL,11,AVENIDA CARABANCHEL ALTO,150.0,28054.0,435971,4468168,40.36162427421505,-3.754097563776428
167,CMSc Centro Municipal de Salud Comunitaria Usera,C.SALUD,ZOFIO,126,USERA,12,CALLE AVENA,3.0,28026.0,439249,4469929,40.37773347929677,-3.7156736251996954
168,Centro de Salud Almendrales,C.SALUD,ALMENDRALES,124,USERA,12,CALLE VISITACION,5.0,28026.0,440437,4470393,40.38199919729483,-3.701723064805618
169,Centro de Salud Las Calesas,C.SALUD,MOSCARDO,125,USERA,12,CALLE CALESAS,12.0,28026.0,440114,4471277,40.3899305644959,-3.705611058160637
170,Centro de Salud Joaquín Rodrigo,C.SALUD,PRADOLONGO,127,USERA,12,CALLE MARIANO VELA,62.0,28026.0,439757,4470333,40.3814097989591,-3.7097278880009545
171,Centro de Salud San Fermín,C.SALUD,SAN FERMIN,123,USERA,12,AVENIDA SAN FERMIN,3.0,28041.0,441186,4469207,40.37135931921232,-3.692778403810465
172,Hospital Universitario 12 de Octubre,HOSPITAL,ORCASUR,122,USERA,12,AVENIDA CORDOBA,41.0,28026.0,440931,4469957,40.37810671044647,-3.695851468797004
173,Centro de Especialidades Periférico Orcasitas,C.ESPECIALIDADES,ORCASITAS,121,USERA,12,CALLE CESTONA,3.0,28041.0,439381,4469367,40.37268037835484,-3.71405352060838
174,Centro de Salud Mental Usera,C.SALUD,ALMENDRALES,124,USERA,12,CALLE VISITACION,5.0,28026.0,440437,4470393,40.38199919729483,-3.701723064805618
175,Centro de Atención Integral a Drogodependientes CAID Sur-Usera,C.ADICCIONES,PRADOLONGO,127,USERA,12,CALLE JASPE,40.0,28026.0,439999,4470274,40.38089582968084,-3.706859783433967
176,Centro de Salud Orcasitas,C.SALUD,ORCASITAS,121,USERA,12,CALLE CESTONA,3.0,28041.0,439381,4469367,40.37268037835484,-3.71405352060838
177,Centro de Salud Orcasur,C.SALUD,ORCASUR,122,USERA,12,CALLE ARENAS DEL REY,1.0,28041.0,440513,4468541,40.36532653890692,-3.700633690827
178,Centro de Salud Federica Montseny,C.SALUD,PALOMERAS SURESTE,134,PUENTE DE VALLECAS,13,AVENIDA ALBUFERA,285.0,28038.0,445702,4470966,40.38752095230912,-3.639737034237325
179,Centro de Salud Entrevías,C.SALUD,ENTREVIAS,131,PUENTE DE VALLECAS,13,CALLE DE LA CAMPIÑA,4.0,28053.0,443138,4470060,40.37919447906291,-3.6698558658238256
180,Centro de Salud Campo de la Paloma,C.SALUD,PALOMERAS SURESTE,134,PUENTE DE VALLECAS,13,CALLE VILLALOBOS,14.0,28018.0,444993,4470359,40.38200620388691,-3.64803753499692
181,Centro de Salud Mental de Puente de Vallecas,C.SALUD,SAN DIEGO,132,PUENTE DE VALLECAS,13,CALLE PE&amp;Ntilde;A GORBEA,4.0,28053.0,443328,4471888,40.39566867834174,-3.66779947609606
182,Centro de Salud Buenos Aires,C.SALUD,NUMANCIA,136,PUENTE DE VALLECAS,13,CALLE PIO FELIPE,26.0,28038.0,444537,4471709,40.39414389575965,-3.653516110652828
183,Centro de Especialidades Periférico Vicente Soldevilla,C.ESPECIALIDADES,SAN DIEGO,132,PUENTE DE VALLECAS,13,CALLE SIERRA DE ALQUIFE,8.0,28053.0,443383,4471143,40.38895208754314,-3.667073330202463
184,Centro de Salud José María Llanos,C.SALUD,ENTREVIAS,131,PUENTE DE VALLECAS,13,CALLE CABO MACHICHACO,62.0,28053.0,443827,4469194,40.37142430282164,-3.661682337719257
185,Centro de Salud Mental Villa de Vallecas,C.SALUD,PALOMERAS SURESTE,134,PUENTE DE VALLECAS,13,CALLE SAN CLAUDIO,154.0,28038.0,445765,4471095,40.388687170165554,-3.6390057976158983
186,Centro de Salud Numancia,C.SALUD,NUMANCIA,136,PUENTE DE VALLECAS,13,CALLE PUERTO DE COTOS,2.0,28038.0,444144,4472563,40.40179559244056,-3.658243977346573
187,Centro de Atención a las Adicciones (CAD) de Vallecas,C.ADICCIONES,SAN DIEGO,132,PUENTE DE VALLECAS,13,CALLE CONCORDIA,17.0,28053.0,443517,4471815,40.39501488341387,-3.665565995938502
188,Centro de Salud Vicente Soldevilla,C.SALUD,SAN DIEGO,132,PUENTE DE VALLECAS,13,CALLE SIERRA DE ALQUIFE,8.0,28053.0,443493,4471350,40.38895208754314,-3.667073330202463
189,Centro de Salud Peña Prieta,C.SALUD,NUMANCIA,136,PUENTE DE VALLECAS,13,CALLE ALTOS DE CABREJAS,4.0,28038.0,443318,4472205,40.39851477386255,-3.667933650924717
190,Centro de Salud Ángela Uriarte,C.SALUD,PALOMERAS BAJAS,133,PUENTE DE VALLECAS,13,CALLE CANDILEJAS,66.0,28018.0,443630,4470388,40.38216728179815,-3.664108286837154
191,Centro de Especialidades Periférico Federica Montseny,C.ESPECIALIDADES,PALOMERAS SURESTE,134,PUENTE DE VALLECAS,13,AVENIDA ALBUFERA,285.0,28038.0,445702,4470966,40.38752095230912,-3.639737034237325
192,Centro de Salud Martínez de la Riva,C.SALUD,SAN DIEGO,132,PUENTE DE VALLECAS,13,CALLE MARTINEZ DE LA RIVA,57.0,28053.0,443513,4471470,40.39191566075262,-3.665582612453768
193,Centro de Salud Alcalá de Guadaira,C.SALUD,PALOMERAS BAJAS,133,PUENTE DE VALLECAS,13,CALLE ALCALA DE GUADAIRA,4.0,28018.0,444215,4471207,40.38959377837197,-3.657276841056873
194,Centro de Especialidades Periférico Hermanos Sangro (Peña Prieta),C.ESPECIALIDADES,NUMANCIA,136,PUENTE DE VALLECAS,13,AVENIDA PEÑA PRIETA,4.0,28038.0,443270,4472213,40.398592514272686,-3.668511825547574
195,Centro de Salud Rafael Alberti,C.SALUD,PALOMERAS SURESTE,134,PUENTE DE VALLECAS,13,CALLE SAN CLAUDIO,154.0,28038.0,445765,4471095,40.388687170165554,-3.6390057976158983
196,CMSc Centro Municipal de Salud Comunitaria Puente de Vallecas,C.SALUD,SAN DIEGO,132,PUENTE DE VALLECAS,13,CALLE CONCORDIA,15.0,28053.0,443512,4471842,40.39525784370076,-3.665615521144969
197,Centro de Salud Arroyo Medialegua,C.SALUD,MEDIA LEGUA,144,MORATALAZ,14,CALLE ARROYO DE LA MEDIA LEGUA,35.0,28030.0,444483,4473711,40.412160113309625,-3.6543494461654538
198,Centro de Salud Mental de Moratalaz,C.SALUD,PAVONES,141,MORATALAZ,14,CALLE HACIENDA DE PAVONES,348.0,28030.0,446323,4472538,40.399841881364864,-3.63383200802786
199,Centro de Salud Torito,C.SALUD,VINATEROS,146,MORATALAZ,14,CALLE CAMINO DE LOS VINATEROS,140.0,28030.0,445213,4473044,40.40619975451887,-3.645688570708737
200,Centro de Especialidades Periférico Moratalaz,C.ESPECIALIDADES,PAVONES,141,MORATALAZ,14,CALLE HACIENDA DE PAVONES,348.0,28030.0,446210,4472323,40.39977862719607,-3.633866766863206
201,Centro de Salud Pavones,C.SALUD,PAVONES,141,MORATALAZ,14,CALLE HACIENDA DE PAVONES,271.0,28030.0,446614,4472263,40.39926410805997,-3.6291012319932463
202,Hospital Fuensanta,HOSPITAL,QUINTANA,153,CIUDAD LINEAL,15,CALLE ARTURO SORIA,17.0,28027.0,445713,4476807,40.44014086646592,-3.640105871301795
203,Centro de Salud Canal de Panamá,C.SALUD,SAN PASCUAL,155,CIUDAD LINEAL,15,CALLE VERDAGUER Y GARCIA,56.0,28027.0,444755,4477146,40.44125057288544,-3.65270946001226
204,Centro de Salud Avenida de Aragón,C.SALUD,QUINTANA,153,CIUDAD LINEAL,15,CALLE ALCALA,425.0,28027.0,445966,4476598,40.43827455642494,-3.6371051129727063
205,Hospital HM Nuevo Belén,HOSPITAL,SAN JUAN BAUTISTA,156,CIUDAD LINEAL,15,CALLE JOSE SILVA,7.0,28043.0,444239,4478476,40.45507853168637,-3.657631482596101
206,Centro de Patología Dual,C.ESPECIALIDADES,COLINA,157,CIUDAD LINEAL,15,CALLE LOPEZ DE HOYOS,259.0,28043.0,443946,4478671,40.45680646874779,-3.6611039641981273
207,MD Anderson Cancer Center Madrid,C.CANCER,COSTILLARES,159,CIUDAD LINEAL,15,CALLE ARTURO SORIA,270.0,28033.0,443487,4480155,40.47015306729349,-3.666649221736814
208,Centro de Salud Daroca,C.SALUD,VENTAS,151,CIUDAD LINEAL,15,AVENIDA DAROCA,4.0,28017.0,444298,4475977,40.43068905567289,-3.657995094893664
209,Vithas Madrid Arturo Soria,HOSPITAL,SAN JUAN BAUTISTA,156,CIUDAD LINEAL,15,CALLE ARTURO SORIA,103.0,28043.0,444690,4477965,40.45050723288199,-3.652267748499212
210,Centro de Salud Doctor Cirajas,C.SALUD,PUEBLO NUEVO,152,CIUDAD LINEAL,15,CALLE DOCTOR CIRAJAS,20.0,28017.0,446074,4476487,40.43540069493309,-3.637101566557678
211,Centro de Salud Gandhi,C.SALUD,PUEBLO NUEVO,152,CIUDAD LINEAL,15,CALLE GANDHI,30.0,28017.0,446424,4475146,40.42522373132448,-3.631582839635467
212,Centro de Salud Mental Ciudad Lineal,C.SALUD,PUEBLO NUEVO,152,CIUDAD LINEAL,15,CALLE DOCTOR CIRAJAS,20.0,28017.0,445965,4476279,40.43540075990557,-3.637089776932169
213,Centro de Salud Estrecho de Corea,C.SALUD,CONCEPCION,154,CIUDAD LINEAL,15,CALLE ESTRECHO DE COREA,1.0,28027.0,445158,4476995,40.43991701481407,-3.647944779892409
214,Clínica Nuestra Señora de la Paz,C.SALUD,COLINA,157,CIUDAD LINEAL,15,CALLE LOPEZ DE HOYOS,259.0,28043.0,443946,4478671,40.45680646874779,-3.6611039641981273
215,Centro de Salud García Noblejas,C.SALUD,PUEBLO NUEVO,152,CIUDAD LINEAL,15,CALLE HERMANOS GARCIA NOBLEJAS,168.0,28037.0,446737,4474936,40.42335682823438,-3.62787333810196
216,Clínica San Miguel,C.SALUD,COLINA,157,CIUDAD LINEAL,15,CALLE ARTURO SORIA,204.0,28043.0,444002,4479010,40.459864121342655,-3.660473445020585
217,Centro de Salud Jazmín,C.SALUD,COSTILLARES,159,CIUDAD LINEAL,15,CALLE JAZMIN,33.0,28033.0,443355,4480897,40.47681915988452,-3.668284328873817
218,Centro de Salud Vicente Muzas,C.SALUD,COLINA,157,CIUDAD LINEAL,15,CALLE VICENTE MUZAS,8.0,28043.0,443950,4478845,40.45838315641871,-3.66108403663452
219,CMSc Centro Municipal de Salud Comunitaria Ciudad Lineal,C.SALUD,VENTAS,151,CIUDAD LINEAL,15,PLAZA DE AGUSTÍN GONZALEZ,1.0,28017.0,445107,4475424,40.4276421923846,-3.647143210129317
220,Hospital Universitario Sanitas La Moraleja,HOSPITAL,VALDEFUENTES,166,HORTALEZA,16,AVENIDA FRANCISCO PI Y MARGALL,81.0,28050.0,443948,4482804,40.49216638514873,-3.662725284936837
221,Centro de Salud Benita Ávila,C.SALUD,CANILLAS,163,HORTALEZA,16,CALLE BENITA AVILA,26.0,28043.0,444858,4479588,40.46513722093236,-3.6504400014912863
222,Centro de Salud Virgen del Cortijo,C.SALUD,VALDEFUENTES,166,HORTALEZA,16,AVENIDA MANOTERAS,47.0,28050.0,443931,4482081,40.487524319619695,-3.661582281009021
223,Hospital HM Sanchinarro,HOSPITAL,VALDEFUENTES,166,HORTALEZA,16,CALLE OÑA,10.0,28050.0,443537,4482274,40.48924518240669,-3.666260040995535
224,Centro de Salud Silvano,C.SALUD,CANILLAS,163,HORTALEZA,16,AVENIDA MACHUPICHU,58.0,28043.0,446150,4479388,40.46342026622712,-3.635184124989888
225,Centro de Salud Mar Báltico,C.SALUD,PINAR DEL REY,164,HORTALEZA,16,CALLE MAR BALTICO,2.0,28033.0,445548,4480405,40.4725427450273,-3.64235991291186
226,Centro de Especialidades Periférico Emigrantes,C.ESPECIALIDADES,CANILLAS,163,HORTALEZA,16,CALLE AREQUIPA,30.0,28043.0,446052,4479973,40.46868395687676,-3.636377932102786
227,Centro de Salud Sanchinarro,C.SALUD,VALDEFUENTES,166,HORTALEZA,16,CALLE ANA DE AUSTRIA,26.0,28050.0,444268,4482769,40.49374475357508,-3.657678426302722
228,CMSc Centro Municipal de Salud Comunitaria Hortaleza,C.SALUD,CANILLAS,163,HORTALEZA,16,CALLE JUAN CLEMENTE NUÑEZ,3.0,28043.0,446841,4479247,40.46218555303646,-3.627022202641673
229,Centro de Salud Monóvar,C.SALUD,APOSTOL SANTIAGO,165,HORTALEZA,16,CALLE MONOVAR,11.0,28033.0,444326,4480963,40.477488458735365,-3.656823708332616
230,Centro de Salud Mental Hortaleza,C.SALUD,PINAR DEL REY,164,HORTALEZA,16,CALLE MAR DE KARA,13.0,28033.0,445368,4480255,40.47117057642612,-3.644482002398036
231,Centro de Atención a las Adicciones (CAD) de Hortaleza,C.ADICCIONES,CANILLAS,163,HORTALEZA,16,CALLE MINAYA,7.0,28043.0,446072,4479929,40.46828881591853,-3.636150078507109
232,Centro de Salud Potes,C.SALUD,SAN ANDRES,171,VILLAVERDE,17,CALLE POTES,2.0,28021.0,439735,4466933,40.35077924881625,-3.7096539581448544
233,Centro de Salud Los Rosales,C.SALUD,LOS ROSALES,174,VILLAVERDE,17,CALLE DIAMANTE,12.0,28021.0,441587,4467180,40.35312704162811,-3.687881431681468
234,Centro de Especialidades Periférico Villaverde Cruce,C.ESPECIALIDADES,LOS ANGELES,175,VILLAVERDE,17,CALLE ALCARRIA,4.0,28021.0,441042,4466784,40.34953244091507,-3.694239816260816
235,Centro de Salud San Cristóbal,C.SALUD,SAN CRISTOBAL,172,VILLAVERDE,17,CALLE BENIMAMET,24.0,28021.0,441812,4466058,40.34304411259126,-3.685129822010112
236,Centro de Salud el Espinillo,C.SALUD,LOS ROSALES,174,VILLAVERDE,17,AVENIDA OROVILLA,53.0,28041.0,441479,4467790,40.35862379228159,-3.689197415839021
237,Centro de Salud San Andrés,C.SALUD,SAN ANDRES,171,VILLAVERDE,17,CALLE ALBERTO PALACIOS,22.0,28021.0,439487,4466027,40.34259953589295,-3.7124881941932815
238,Centro de Atención a las Adicciones (CAD) de Villaverde,C.ADICCIONES,SAN ANDRES,171,VILLAVERDE,17,CALLE VERDE VIENTO,16.0,28021.0,439047,4467110,40.35231468998616,-3.717783527602668
239,Centro de Salud Mental de Villaverde,C.SALUD,LOS ANGELES,175,VILLAVERDE,17,CALLE DE TOTANES,1.0,28041.0,440682,4466979,40.351252444754216,-3.6985192544873033
240,CMSc Centro Municipal de Salud Comunitaria Villaverde,C.SALUD,LOS ROSALES,174,VILLAVERDE,17,AVENIDA FELICIDAD,17.0,28041.0,441347,4467878,40.35940720387406,-3.690771730176704
241,Centro de Salud Bucodental,C.SALUD,LOS ROSALES,174,VILLAVERDE,17,AVENIDA FELICIDAD,17.0,28041.0,441347,4467878,40.35940720387406,-3.690771730176704
242,Centro de Salud Los Ángeles,C.SALUD,LOS ANGELES,175,VILLAVERDE,17,CALLE TOTANES,1.0,28041.0,440682,4466979,40.35126152445187,-3.698507572624562
243,Hospital Universitario Infanta Leonor,HOSPITAL,SANTA EUGENIA,182,VILLA DE VALLECAS,18,AVENIDA GRAN VIA DEL ESTE,80.0,28032.0,447495,4470713,40.38535663052747,-3.61860409051464
244,Centro de Atención Integral a Drogodependientes CAID Vallecas,C.ADICCIONES,CASCO H.VALLECAS,181,VILLA DE VALLECAS,18,CALLE CINCOVILLAS,5.0,28051.0,447041,4468832,40.3683826319493,-3.6237845559205977
245,Hospital Virgen de La Torre,HOSPITAL,CASCO H.VALLECAS,181,VILLA DE VALLECAS,18,CALLE PUERTO DE LUMBRERAS,5.0,28031.0,447448,4470245,40.38113766908025,-3.619107413174218
246,Centro de Salud Ensanche de Vallecas,C.SALUD,ENSANCHE DE VALLECAS,183,VILLA DE VALLECAS,18,CALLE CINCOVILLAS,1.0,28051.0,447041,4468832,40.36838961213032,-3.623780031558085
247,Centro de Salud Villa de Vallecas,C.SALUD,CASCO H.VALLECAS,181,VILLA DE VALLECAS,18,CALLE FUENTIDUEÑA,12.0,28031.0,447181,4469208,40.371769710699226,-3.6221784847870055
248,Centro de Salud Cerro Almodóvar,C.SALUD,SANTA EUGENIA,182,VILLA DE VALLECAS,18,CALLE FUENTESPINA,2.0,28031.0,448675,4470159,40.38043934052428,-3.604657931449996
249,CMSc Centro Municipal de Salud Comunitaria Villa de Vallecas,C.SALUD,CASCO H.VALLECAS,181,VILLA DE VALLECAS,18,CALLE SIERRA GADOR,68.0,28031.0,447199,4470097,40.37978858026883,-3.622040199057613
250,Centro de Salud Valdebernardo,C.SALUD,CASCO H.VICALVARO,191,VICALVARO,19,BULEVAR INDALECIO PRIETO,26.0,28032.0,447223,4472333,40.39993347039776,-3.621942758769839
251,Centro de Salud Mental Vicálvaro,C.SALUD,AMBROZ,192,VICALVARO,19,CALLE CALAHORRA,11.0,28032.0,448008,4473095,40.40684751399476,-3.6127431819124416
252,Centro de Salud Artilleros,C.SALUD,CASCO H.VICALVARO,191,VICALVARO,19,PASEO ARTILLEROS,31.0,28032.0,448330,4472973,40.405768443099696,-3.608950387094391
253,Centro de Salud Villablanca,C.SALUD,AMBROZ,192,VICALVARO,19,CALLE VILLABLANCA,81.0,28032.0,449136,4472954,40.40564697356324,-3.5994387516026425
254,Centro de Transfusión de la Comunidad de Madrid,unknown,CASCO H.VICALVARO,191,VICALVARO,19,AVENIDA DEMOCRACIA,1.0,28032.0,447792,4471922,40.396266780421,-3.6152042549806622
255,CMSc Centro Municipal de Salud Comunitaria Vicálvaro,C.SALUD,AMBROZ,192,VICALVARO,19,CALLE CALAHORRA,11.0,28032.0,448180,4473179,40.40760589417718,-3.610734756927216
256,Centro de Salud Mental San Blas,C.SALUD,SIMANCAS,201,SAN BLAS-CANILLEJAS,20,CALLE CASTILLO DE UCLES,35.0,28037.0,447137,4475790,40.43106180744466,-3.6232433423754538
257,Centro de Atención a las Adicciones (CAD) de San Blas,C.ADICCIONES,EL SALVADOR,208,SAN BLAS-CANILLEJAS,20,CALLE ALCALA,527.0,28027.0,446815,4476892,40.44097774609991,-3.627131682126296
258,Clínica Universidad de Navarra en Madrid,C.SALUD,EL SALVADOR,208,SAN BLAS-CANILLEJAS,20,CALLE MARQUESADO DE SANTA MARTA,1.0,28027.0,447014,4477655,40.44786310469968,-3.624832954153384
259,CMSc Centro Municipal de Salud Comunitaria San Blas,C.SALUD,AMPOSTA,203,SAN BLAS-CANILLEJAS,20,CALLE POBLADURA DEL VALLE,13.0,28037.0,447403,4475213,40.42588977691096,-3.620048048164773
260,Centro de Atención Integral a Drogodependientes CAID Este,C.ADICCIONES,HELLIN,202,SAN BLAS-CANILLEJAS,20,PLAZA CIVICA,1.0,28037.0,447702,4476005,40.433034436825466,-3.6165885100628414
261,Centro de Salud Los Alpes,C.SALUD,ROSAS,205,SAN BLAS-CANILLEJAS,20,CALLE SUECIA,62.0,28022.0,448183,4474724,40.4215335050215,-3.610813545103934
262,Centro de Salud Canillejas,C.SALUD,CANILLEJAS,207,SAN BLAS-CANILLEJAS,20,CALLE BOLTAÑA,5.0,28022.0,447919,4477261,40.44436285408187,-3.6141331916571255
263,Centro de Salud Rejas,C.SALUD,REJAS,206,SAN BLAS-CANILLEJAS,20,CALLE EUTERPE,12.0,28022.0,449738,4477099,40.443024421715705,-3.592672121149884
264,Centro de Especialidades Periférico Pedro González Bueno (San Blas),C.ESPECIALIDADES,AMPOSTA,203,SAN BLAS-CANILLEJAS,20,CALLE HERMANOS GARCIA NOBLEJAS,89.0,28037.0,446800,4474947,40.42346125430581,-3.627124346508539
265,Centro de Salud Aquitania,C.SALUD,ARCOS,204,SAN BLAS-CANILLEJAS,20,CALLE AQUITANIA,22.0,28032.0,447603,4474418,40.41873147347622,-3.617636645167149
266,Hospital de Emergencias Enfermera Isabel Zendal,HOSPITAL,TIMON,214,BARAJAS,21,AVENIDA MANUEL FRAGA IRIBARNE,2.0,28055.0,448461,4481639,40.48384801885397,-3.608088106837578
267,Centro de Salud Barajas,C.SALUD,TIMON,214,BARAJAS,21,AVENIDA LOGRO&amp;Ntilde;O,319.0,28042.0,450675,4480268,40.4716288649535,-3.5818701273536906
268,Centro de Salud Alameda de Osuna,C.SALUD,ALAMEDA DE OSUNA,211,BARAJAS,21,CALLE CARABELA,7.0,28042.0,450276,4478469,40.45539853225991,-3.5864475918316754
269,Centro de Salud Mental de Barajas,C.SALUD,CASCO H.BARAJAS,213,BARAJAS,21,AVENIDA GENERAL,5.0,28042.0,450995,4480424,40.4730441402139,-3.5781073547601787
