id_zonaverde,nombre_zv,barrio,id_barrio,distrito,id_distrito,Superficie (m2),Superficie (ha)
0,PARQUE DE ATENAS,PALACIO,11,CENTRO,1,"46.569,03","4,66"
1,JARDINES ARQUITECTO RIBERA,JUSTICIA,14,CENTRO,1,"4.778,92","0,48"
2,JARDINES DE LA PZA. DE GABRIEL MIRÃ,PALACIO,11,CENTRO,1,"5.462,68","0,55"
3,MERCADO PTA. DE TOLEDO,EMBAJADORES,12,CENTRO,1,"5.751,54","0,58"
4,TALUD C/ SEGOVIA,PALACIO,11,CENTRO,1,"9.985,49","1,00"
5,JARDINES DE LA PZA. DE LA VILLA DE PARIS,JUSTICIA,14,CENTRO,1,"10.718,25","1,07"
6,JARDIN DE LARRA,PALACIO,11,CENTRO,1,"5.599,29","0,56"
7,JARDINES DE LAS VISTILLAS,PALACIO,11,CENTRO,1,"12.108,31","1,21"
8,PÂº DE RECOLETOS I,JUSTICIA,14,CENTRO,1,"19.440,71","1,94"
9,PARQUE CASINO DE LA REINA,EMBAJADORES,12,CENTRO,1,"19.858,92","1,99"
10,PARQUE DE LA CORNISA,PALACIO,11,CENTRO,1,"22.633,04","2,26"
11,PÂº PRADO I,CORTES,13,CENTRO,1,"35.327,59","3,53"
12,CUESTA DE LOS CIEGOS,PALACIO,11,CENTRO,1,"11.879,10","1,19"
13,PARQUE PAPELERA PENINSULAR,ACACIAS,22,ARGANZUELA,2,"11.800,32","1,18"
14,PARQUE IMPERIAL PVF,IMPERIAL,21,ARGANZUELA,2,"8.888,31","0,89"
15,JARDINES DE RODIO-ONICE,LEGAZPI,24,ARGANZUELA,2,"8.976,19","0,90"
16,JARDIN DEL RASTRO,ACACIAS,22,ARGANZUELA,2,"8.998,75","0,90"
17,POL. DE YESERIAS FASES II Y III,ACACIAS,22,ARGANZUELA,2,"10.365,81","1,04"
18,URB. PAPELERA PENINSULAR - JARDINES,ACACIAS,22,ARGANZUELA,2,"10.660,30","1,07"
19,Z.V. PUERTO DE  BEJAR,LEGAZPI,24,ARGANZUELA,2,"11.565,81","1,16"
20,ESTACION SUR - PERI 3/5,ATOCHA,27,ARGANZUELA,2,"12.508,53","1,25"
21,PARQUE DE DELICIAS,DELICIAS,25,ARGANZUELA,2,"26.882,72","2,69"
22,A.P.R.02.06 'MENDEZ-ALVARO NORTE 1',ATOCHA,27,ARGANZUELA,2,"13.312,62","1,33"
23,PARQUE RAMIREZ DE PRADO,DELICIAS,25,ARGANZUELA,2,"20.878,86","2,09"
24,PARQUE MIRADOR TIERNO GALVAN PVF,DELICIAS,25,ARGANZUELA,2,"22.202,13","2,22"
25,PARQUE PEÃUELAS,ACACIAS,22,ARGANZUELA,2,"27.401,64","2,74"
26,PARQUE DEL BRONCE PVF,LEGAZPI,24,ARGANZUELA,2,"28.817,89","2,88"
27,PARQUE ENRIQUE TIERNO GALVAN,LEGAZPI,24,ARGANZUELA,2,"401.396,67","40,14"
28,ZV TEJO,ATOCHA,27,ARGANZUELA,2,"12.599,98","1,26"
29,PARQUE DE COCHERAS,PACIFICO,31,RETIRO,3,"9.573,37","0,96"
30,JARDINES FEDERICO MORENO TORROBA,ADELFAS,32,RETIRO,3,"5.268,85","0,53"
31,PZA. DE MURILLO,LOS JERONIMOS,35,RETIRO,3,"5.526,19","0,55"
32,PAR POETA ESTEBAN VILLEGAS,LOS JERONIMOS,35,RETIRO,3,"6.805,34","0,68"
33,JARDINES DEL MUSEO DEL PRADO,LOS JERONIMOS,35,RETIRO,3,"12.904,13","1,29"
34,JARDINES PZA. DE LA LEALTAD,LOS JERONIMOS,35,RETIRO,3,"8.568,17","0,86"
35,M30 - NUDO  OÂ´DONNELL,ESTRELLA,33,RETIRO,3,"17.435,24","1,74"
36,JARDINES PÂº JOHN LENNON,ESTRELLA,33,RETIRO,3,"13.623,24","1,36"
37,M30 - C/ SIRIO,ESTRELLA,33,RETIRO,3,"21.589,56","2,16"
38,PARQUE MARTIN LUTHER KING,ADELFAS,32,RETIRO,3,"33.719,57","3,37"
39,PARQUE DE ROMA,ESTRELLA,33,RETIRO,3,"112.100,66","11,21"
40,PÂº DE RECOLETOS II,RECOLETOS,41,SALAMANCA,4,"5.089,23","0,51"
41,JARDINES PZA. TOROS DE LAS VENTAS,GUINDALERA,44,SALAMANCA,4,"8.747,12","0,87"
42,M30 - PTE. DE VENTAS,GUINDALERA,44,SALAMANCA,4,"9.527,12","0,95"
43,M30 - NUDO O DONNELL,FUENTE DEL BERRO,43,SALAMANCA,4,"10.374,69","1,04"
44,JARDINES DEL DESCUBRIMIENTO,RECOLETOS,41,SALAMANCA,4,"20.201,31","2,02"
45,M30 - NUDO AVDA. DE AMERICA,GUINDALERA,44,SALAMANCA,4,"10.851,77","1,09"
46,PARQUE BREOGAN,GUINDALERA,44,SALAMANCA,4,"22.272,62","2,23"
47,PARQUE DE MARIA EVA DUARTE DE PERON,GUINDALERA,44,SALAMANCA,4,"29.746,40","2,97"
48,AMPLIACION PARQUE DE LAS AVENIDAS,GUINDALERA,44,SALAMANCA,4,"32.979,18","3,30"
49,PARQUE SANCHO DAVILA,FUENTE DEL BERRO,43,SALAMANCA,4,"43.029,27","4,30"
50,PARQUE DE LAS AVENIDAS,GUINDALERA,44,SALAMANCA,4,"47.029,32","4,70"
51,PÂº DE LA CASTELLANA I,CASTELLANA,46,SALAMANCA,4,"21.628,85","2,16"
52,JARDINES DE SAN FERNANDO,NUEVA ESPANA,55,CHAMARTIN,5,"11.970,64","1,20"
53,JARDIN DE LAS BELLAS ARTES,EL VISO,51,CHAMARTIN,5,"10.340,15","1,03"
54,ALFONSO XIII - STA. MÂª MAGDALENA,NUEVA ESPANA,55,CHAMARTIN,5,"10.423,07","1,04"
55,Jardines de Berta CÃ¡ceres,NUEVA ESPANA,55,CHAMARTIN,5,"10.503,41","1,05"
56,JARDINES INSTITUTO STA. MARCA,HISPANOAMERICA,54,CHAMARTIN,5,"10.813,50","1,08"
57,PÂº CEREZOS,HISPANOAMERICA,54,CHAMARTIN,5,"10.964,52","1,10"
58,JARDIN DE LUIS DE TRELLES,PROSPERIDAD,52,CHAMARTIN,5,"11.379,85","1,14"
59,COL. SAN CRISTOBAL,CASTILLA,56,CHAMARTIN,5,"12.379,09","1,24"
60,M30 - AVDA. BURGOS,CASTILLA,56,CHAMARTIN,5,"24.989,95","2,50"
61,M30 - NUDO COSTA RICA,NUEVA ESPANA,55,CHAMARTIN,5,"14.337,81","1,43"
62,PARQUE FELIX RGUEZ. DE LA FUENTE,PROSPERIDAD,52,CHAMARTIN,5,"14.752,94","1,48"
63,M30 - LA CHOPERA,PROSPERIDAD,52,CHAMARTIN,5,"15.333,09","1,53"
64,M30 - NUDO DE LA PALOMA,CASTILLA,56,CHAMARTIN,5,"17.206,08","1,72"
65,PARQUE DE BERLIN,CIUDAD JARDIN,53,CHAMARTIN,5,"49.116,00","4,91"
66,PÂº DE LA CASTELLANA II,EL VISO,51,CHAMARTIN,5,"50.219,17","5,02"
67,PARQUE ORLANDO TAMAYO ZAPATA,HISPANOAMERICA,54,CHAMARTIN,5,"12.859,87","1,29"
68,COMPLEJO AZCA NIVEL 686,CUATRO CAMINOS,62,TETUAN,6,"10.224,72","1,02"
69,Z.V AVDA. BRASIL (PEDRO TEXEIRA - GRAL. PERON),CUATRO CAMINOS,62,TETUAN,6,"4.686,39","0,47"
70,PARQUE AVDA. DE BRASIL,CUATRO CAMINOS,62,TETUAN,6,"5.400,50","0,54"
71,C.P. FELIPE II,ALMENARA,64,TETUAN,6,"5.755,09","0,58"
72,TALUD VIA LIMITE - EMILIA,ALMENARA,64,TETUAN,6,"8.945,82","0,89"
73,BULEVAR AVDA. ASTURIAS,ALMENARA,64,TETUAN,6,"10.915,90","1,09"
74,AVDA. ASTURIAS - PERGOLAS,ALMENARA,64,TETUAN,6,"5.548,08","0,55"
75,PARQUE VILLAMIL,VALDEACEDERAS,65,TETUAN,6,"17.452,70","1,75"
76,PARQUE AGUSTIN RGUEZ. SAHAGUN,VALDEACEDERAS,65,TETUAN,6,"177.896,59","17,79"
77,PARQUE HUERTA DEL OBISPO,VALDEACEDERAS,65,TETUAN,6,"131.589,23","13,16"
78,JARDINES DE LA ORGANIZACION MUNDIAL DE TURISMO,CASTILLEJOS,63,TETUAN,6,"17.068,26","1,71"
79,PARQUE DE LA VENTILLA,ALMENARA,64,TETUAN,6,"102.706,56","10,27"
80,PÂº DE LA CASTELLANA III,CUATRO CAMINOS,62,TETUAN,6,"20.144,83","2,01"
81,JARDINES DE PERON,CUATRO CAMINOS,62,TETUAN,6,"18.833,50","1,88"
82,JARDINES DE REVENGA,GAZTAMBIDE,71,CHAMBERI,7,"2.719,55","0,27"
83,PZA. DE DOMENICO SCARLATTI,VALLEHERMOSO,76,CHAMBERI,7,"3.133,86","0,31"
84,JARDINES DEL TTE. ALCALDE PEREZ PILLADO,VALLEHERMOSO,76,CHAMBERI,7,"3.775,21","0,38"
85,Jose Luis Sampedro,ARAPILES,72,CHAMBERI,7,"3.770,05","0,38"
86,PZA. DE CHAMBERI,ALMAGRO,74,CHAMBERI,7,"2.771,55","0,28"
87,PZA. DE OLAVIDE,TRAFALGAR,73,CHAMBERI,7,"5.731,60","0,57"
88,JARDINES ENRIQUE HERREROS,VALLEHERMOSO,76,CHAMBERI,7,"6.665,80","0,67"
89,LTRL. NUEVOS MINISTERIOS,RIOS ROSAS,75,CHAMBERI,7,"7.138,97","0,71"
90,PÂº CASTELLANA IV,ALMAGRO,74,CHAMBERI,7,"25.310,51","2,53"
91,JARDINES DE  ANDRÃS SABORIT,RIOS ROSAS,75,CHAMBERI,7,"5.606,24","0,56"
92,PZA DEL CONDE DEL VALLE DE SUCHIL,ARAPILES,72,CHAMBERI,7,"5.310,85","0,53"
93,PARQUE ARROYO DE LOS PINOS,PENA GRANDE,83,FUENCARRAL-EL PARDO,8,"25.695,55","2,57"
94,COMPENSATORIA-ARROYO FRESNO,MIRASIERRA,87,FUENCARRAL-EL PARDO,8,"24.585,42","2,46"
95,LAS TABLAS - GTAS.,VALVERDE,86,FUENCARRAL-EL PARDO,8,"24.918,95","2,49"
96,Z.A. PÂº TIERRA DE MELIDE,VALVERDE,86,FUENCARRAL-EL PARDO,8,"25.603,26","2,56"
97,JARDINES CEMENTERIO MONTECARMELO,EL GOLOSO,88,FUENCARRAL-EL PARDO,8,"16.808,41","1,68"
98,"Z.A. SANTUARIO DE VALVERDE, 91-99 POST. Y GTA.",EL GOLOSO,88,FUENCARRAL-EL PARDO,8,"27.279,71","2,73"
99,POBLADO DIRIGIDO DE FUENCARRAL,VALVERDE,86,FUENCARRAL-EL PARDO,8,"29.054,24","2,91"
100,Z.A. C/ SAN MILLAN DE LA COGOLLA,VALVERDE,86,FUENCARRAL-EL PARDO,8,"30.217,40","3,02"
101,PARQUE PEÃAGRANDE,PENA GRANDE,83,FUENCARRAL-EL PARDO,8,"30.687,08","3,07"
102,Z.F. PARC. 38 Y 39 DE MIRASIERRA,MIRASIERRA,87,FUENCARRAL-EL PARDO,8,"24.448,99","2,44"
103,MONTECARMELO INTBL. OESTE,EL GOLOSO,88,FUENCARRAL-EL PARDO,8,"26.559,78","2,66"
104,PARQUE CERRO PEÃABEL,PENA GRANDE,83,FUENCARRAL-EL PARDO,8,"24.366,21","2,44"
105,PARQUE SANTA ANA 2Âª FASE,VALVERDE,86,FUENCARRAL-EL PARDO,8,"19.913,87","1,99"
106,AVDA. VEREDA DE GANAPANES,VALVERDE,86,FUENCARRAL-EL PARDO,8,"15.978,02","1,60"
107,POL. STA. ANA,VALVERDE,86,FUENCARRAL-EL PARDO,8,"23.173,71","2,32"
108,PARQUE DE FUENCARRAL,VALVERDE,86,FUENCARRAL-EL PARDO,8,"21.676,81","2,17"
109,PARQUE BEGOÃA,VALVERDE,86,FUENCARRAL-EL PARDO,8,"21.071,89","2,11"
110,PARC. NOROESTE,PENA GRANDE,83,FUENCARRAL-EL PARDO,8,"20.525,49","2,05"
111,Z.F. LAS TABLAS V-10,VALVERDE,86,FUENCARRAL-EL PARDO,8,"17.996,38","1,80"
112,MONTECARMELO INTBL. ESTE,EL GOLOSO,88,FUENCARRAL-EL PARDO,8,"30.925,53","3,09"
113,Z.A. LAS TABLAS V-32 Y V-34,VALVERDE,86,FUENCARRAL-EL PARDO,8,"17.703,44","1,77"
114,Z.V. LA COMA,PENA GRANDE,83,FUENCARRAL-EL PARDO,8,"17.564,08","1,76"
115,POL. 10 V.V. VERTEDERO,LA PAZ,85,FUENCARRAL-EL PARDO,8,"17.180,13","1,72"
116,PARQUE DE LA SUPERMANZANA 7,LA PAZ,85,FUENCARRAL-EL PARDO,8,"23.747,34","2,37"
117,PARQUE FUENTECHICA,VALVERDE,86,FUENCARRAL-EL PARDO,8,"17.853,14","1,79"
118,POL. 26 (C/ CARDENAL HERRERA ORIA),LA PAZ,85,FUENCARRAL-EL PARDO,8,"31.687,17","3,17"
119,LAS TABLAS - MED.,VALVERDE,86,FUENCARRAL-EL PARDO,8,"33.352,78","3,34"
120,MONTECARMELO - Z.F.,EL GOLOSO,88,FUENCARRAL-EL PARDO,8,"468.340,81","46,83"
121,PARQUE NORTE Carmen Tagle,LA PAZ,85,FUENCARRAL-EL PARDO,8,"195.266,69","19,53"
122,PZAS. INTERIORES BÂº EL PILAR A,EL PILAR,84,FUENCARRAL-EL PARDO,8,"32.670,44","3,27"
123,PARQUE DE LA ALCAZABA,EL PILAR,84,FUENCARRAL-EL PARDO,8,"119.657,70","11,97"
124,Z.F. LAS TABLAS V-11,VALVERDE,86,FUENCARRAL-EL PARDO,8,"110.764,13","11,08"
125,Parque de Arroyo del Fresno TomÃ¡s,MIRASIERRA,87,FUENCARRAL-EL PARDO,8,"107.567,13","10,76"
126,PARQUE GABRIELA MISTRAL,PENA GRANDE,83,FUENCARRAL-EL PARDO,8,"103.747,66","10,37"
127,AVDA. DE LA ILUSTRACIÃN,PENA GRANDE,83,FUENCARRAL-EL PARDO,8,"101.863,35","10,19"
128,A.P.E. 08 16 ARROYO DEL FRESNO,MIRASIERRA,87,FUENCARRAL-EL PARDO,8,"87.099,15","8,71"
129,PARQUE LAS TABLAS V-6,VALVERDE,86,FUENCARRAL-EL PARDO,8,"62.190,70","6,22"
130,PAU MONTECARMELO (Z.F.),EL GOLOSO,88,FUENCARRAL-EL PARDO,8,"61.754,86","6,18"
131,LOS TRES OLIVOS,VALVERDE,86,FUENCARRAL-EL PARDO,8,"118.947,75","11,89"
132,A.V.C. MONTECARMELO,EL GOLOSO,88,FUENCARRAL-EL PARDO,8,"61.059,11","6,11"
133,PARQUE VALLE DE ENMEDIO Y ALREDEDORES,MIRASIERRA,87,FUENCARRAL-EL PARDO,8,"61.722,50","6,17"
134,PARQUE DEL PUEBLO DEL PARDO,EL PARDO,81,FUENCARRAL-EL PARDO,8,"33.315,74","3,33"
135,Z.A. ENTORNO ESTS. METRO LIGERO (PAU LAS TABLAS),VALVERDE,86,FUENCARRAL-EL PARDO,8,"35.065,91","3,51"
136,A.V.C. LAS TABLAS,VALVERDE,86,FUENCARRAL-EL PARDO,8,"37.929,75","3,79"
137,PARQUE ANA TUTOR,PENA GRANDE,83,FUENCARRAL-EL PARDO,8,"33.412,43","3,34"
138,PARQUE FUENTELARREINA,PENA GRANDE,83,FUENCARRAL-EL PARDO,8,"43.963,89","4,40"
139,TALUD C/ CASTILLO DE CANDANCHU,VALVERDE,86,FUENCARRAL-EL PARDO,8,"49.243,30","4,92"
140,PARQUE DE LA VAGUADA,EL PILAR,84,FUENCARRAL-EL PARDO,8,"50.462,87","5,05"
141,PARQUE LAS TABLAS V-7,VALVERDE,86,FUENCARRAL-EL PARDO,8,"55.934,94","5,59"
142,PARQUE SANTA ANA (ZONA FORESTAL),VALVERDE,86,FUENCARRAL-EL PARDO,8,"42.226,44","4,22"
143,LAS ISLAS,CIUDAD UNIVERSITARIA,93,MONCLOA-ARAVACA,9,"20.663,27","2,07"
144,VALDEMARIN OESTE,VALDEMARIN,95,MONCLOA-ARAVACA,9,"25.242,66","2,52"
145,CALLE CINCON LAGUNAS,ARAVACA,97,MONCLOA-ARAVACA,9,"23.798,65","2,38"
146,PROLONGACION VALDEMARIN,VALDEMARIN,95,MONCLOA-ARAVACA,9,"22.560,54","2,26"
147,PZA. DE ESPAÃA,ARGUELLES,92,MONCLOA-ARAVACA,9,"22.353,37","2,24"
148,PLANTACION COMPENSATORIA CALLE 30-PARQUE FORESTAL ESTACION DEL BARRIAL,EL PLANTIO,96,MONCLOA-ARAVACA,9,"21.537,12","2,15"
149,MED. VALDEMARIN,VALDEMARIN,95,MONCLOA-ARAVACA,9,"16.965,54","1,70"
150,A.V.C. FASE III,CIUDAD UNIVERSITARIA,93,MONCLOA-ARAVACA,9,"13.750,13","1,38"
151,RIBERA DEL MANZANARES - MARGEN DERECHA,CASA DE CAMPO,91,MONCLOA-ARAVACA,9,"14.863,24","1,49"
152,PARQUE JUAN XXIII,CIUDAD UNIVERSITARIA,93,MONCLOA-ARAVACA,9,"14.741,02","1,47"
153,PARQUE BLAS DE OTERO,VALDEZARZA,94,MONCLOA-ARAVACA,9,"14.638,06","1,46"
154,Parque Luisa CarnÃ©s,VALDEZARZA,94,MONCLOA-ARAVACA,9,"14.351,97","1,44"
155,LA HORCA,ARAVACA,97,MONCLOA-ARAVACA,9,"13.615,02","1,36"
156,JARDINES ESCUADRON POLICIA MUNICIPAL,CIUDAD UNIVERSITARIA,93,MONCLOA-ARAVACA,9,"13.539,87","1,35"
157,PARQUE DE FRANCOS RDGUEZ.,CIUDAD UNIVERSITARIA,93,MONCLOA-ARAVACA,9,"26.406,83","2,64"
158,ROSAS DE ARAVACA,ARAVACA,97,MONCLOA-ARAVACA,9,"16.502,78","1,65"
159,PÂº ANICETO MARINAS,CASA DE CAMPO,91,MONCLOA-ARAVACA,9,"27.828,42","2,78"
160,COL. DEL MANZANARES,CASA DE CAMPO,91,MONCLOA-ARAVACA,9,"79.614,72","7,96"
161,PARQUE DEL CEMENTERIO,VALDEMARIN,95,MONCLOA-ARAVACA,9,"36.751,31","3,68"
162,PARQUE DE LA BOMBILLA,CASA DE CAMPO,91,MONCLOA-ARAVACA,9,"110.235,98","11,02"
163,AMPLIACION PARQUE ARROYO  POZUELO,ARAVACA,97,MONCLOA-ARAVACA,9,"104.914,09","10,49"
164,PARQUE ARROYO POZUELO,ARAVACA,97,MONCLOA-ARAVACA,9,"91.840,31","9,18"
165,PAR. ARROYO POZUELO (AMPLIACION)_2,ARAVACA,97,MONCLOA-ARAVACA,9,"78.802,58","7,88"
166,CUESTA DEL GALVAN - RONDA DE LAS FLORES - TAPIA DEL HIPODROMO,ARAVACA,97,MONCLOA-ARAVACA,9,"70.882,07","7,09"
167,COMPENSACION DEL PLAN PARCIALLA HORCA.SECTOR I_18,CIUDAD UNIVERSITARIA,93,MONCLOA-ARAVACA,9,"69.674,68","6,97"
168,PINAR CÂº CERRO AGUILA,ARAVACA,97,MONCLOA-ARAVACA,9,"212.362,56","21,24"
169,PÂº ERMITA - VILLA ADRIANA,ARAVACA,97,MONCLOA-ARAVACA,9,"44.547,47","4,45"
170,RECINTOS FERIALES,CASA DE CAMPO,91,MONCLOA-ARAVACA,9,"67.252,82","6,73"
171,COL. VALDEZARZA,VALDEZARZA,94,MONCLOA-ARAVACA,9,"37.993,72","3,80"
172,CAMINO BARRIAL,ARAVACA,97,MONCLOA-ARAVACA,9,"38.845,53","3,88"
173,EL DISCO,ARAVACA,97,MONCLOA-ARAVACA,9,"28.414,37","2,84"
174,MARGEN DERECHO DEL RIO MANZANARES,CIUDAD UNIVERSITARIA,93,MONCLOA-ARAVACA,9,"42.092,72","4,21"
175,PARQUE LA RINCONERA,ARAVACA,97,MONCLOA-ARAVACA,9,"43.865,33","4,39"
176,COL. ROSA LUXEMBURGO,ARAVACA,97,MONCLOA-ARAVACA,9,"40.765,95","4,08"
177,PARQUE RAFAEL FINAT,LAS AGUILAS,107,LATINA,10,"10.010,64","1,00"
178,CuÃ±a Verde - SeseÃ±a 34 Posterior,ALUCHE,104,LATINA,10,"21.550,58","2,16"
179,TERRIZOS ARBOLADO S. BENIGNO-SEPULVEDA,PUERTA DEL ANGEL,102,LATINA,10,"21.349,90","2,13"
180,COL. VIRGEN DE LOURDES,LUCERO,103,LATINA,10,"20.915,54","2,09"
181,JARDINES DEL POL. C. CARABANCHEL,LAS AGUILAS,107,LATINA,10,"19.033,48","1,90"
182,PAR GRAL. GÂª ESCAMEZ,LAS AGUILAS,107,LATINA,10,"15.970,20","1,60"
183,COL. JUAN TORNERO,PUERTA DEL ANGEL,102,LATINA,10,"15.531,33","1,55"
184,COL. ANTONIO BLASCO,LUCERO,103,LATINA,10,"12.450,49","1,25"
185,GRAL. FANJUL - STA. MARGARITA,LAS AGUILAS,107,LATINA,10,"12.166,27","1,22"
186,APARCAMIENTO GRAL SALIQUET,LAS AGUILAS,107,LATINA,10,"11.950,32","1,20"
187,BÂº DE GOYA,LOS CARMENES,101,LATINA,10,"10.909,68","1,09"
188,TERRIZOS ARBOLADO GRAL. ROMERO BASART A,LAS AGUILAS,107,LATINA,10,"10.223,06","1,02"
189,CAMPO DE FUTBOL BÂº DE GOYA,LOS CARMENES,101,LATINA,10,"10.033,30","1,00"
190,PARQUE CARAMUEL,PUERTA DEL ANGEL,102,LATINA,10,"22.184,18","2,22"
191,Parque FÃ©lix CortÃ©s,ALUCHE,104,LATINA,10,"15.078,25","1,51"
192,CTRA. BOADILLA DEL MONTE DESDE LA N-V,CAMPAMENTO,105,LATINA,10,"11.220,91","1,12"
193,PPI -14,LUCERO,103,LATINA,10,"22.317,55","2,23"
194,PARQUE CASILDA DE BUSTOS,LAS AGUILAS,107,LATINA,10,"27.430,45","2,74"
195,Juan Carmona ÂHabichuelaÂ,CAMPAMENTO,105,LATINA,10,"24.482,06","2,45"
196,CUÃA VERDE LA LATINA,LOS CARMENES,101,LATINA,10,"656.821,58","65,68"
197,PARQUE DE LAS CRUCES,LAS AGUILAS,107,LATINA,10,"452.894,53","45,29"
198,Z.F. PAU CARABANCHEL. UNIDAD III,CUATRO VIENTOS,106,LATINA,10,"275.581,94","27,56"
199,PARQUE ALUCHE,ALUCHE,104,LATINA,10,"143.156,83","14,32"
200,COL. DEHESA DEL PPE.,CAMPAMENTO,105,LATINA,10,"55.726,78","5,57"
201,PARQUE DE CERRO ALMODOVAR - 1Âª - 2Âª FASE,ALUCHE,104,LATINA,10,"172.316,54","17,23"
202,Z.A. PAU CARABANCHEL - UNIDAD III,CUATRO VIENTOS,106,LATINA,10,"41.127,78","4,11"
203,PERI 10/6 ALUCHE - POBLADOS,LAS AGUILAS,107,LATINA,10,"40.232,21","4,02"
204,POBLADO DIRIGIDO LOS CARMENES,ALUCHE,104,LATINA,10,"36.977,50","3,70"
205,POBLADO C - CARABANCHEL - ZONAS XIX-XXIV,LAS AGUILAS,107,LATINA,10,"36.926,61","3,69"
206,Z.A. PARQUE CARAMUEL,PUERTA DEL ANGEL,102,LATINA,10,"33.115,39","3,31"
207,METRO CIUDAD JARDIN,CAMPAMENTO,105,LATINA,10,"27.466,08","2,75"
208,CAÃO ROTO - LOS CARMENES,LUCERO,103,LATINA,10,"48.625,92","4,86"
209,PARQUE JACINTO VERDAGUER,OPANEL,112,CARABANCHEL,11,"14.398,26","1,44"
210,JARDINES VIA LUSITANA,ABRANTES,117,CARABANCHEL,11,"17.996,17","1,80"
211,PARQUE DEL PAN BENDITO,PUERTA BONITA,115,CARABANCHEL,11,"17.527,95","1,75"
212,JM_INST. DEP. PAN BENDITO,BUENAVISTA,116,CARABANCHEL,11,"17.482,96","1,75"
213,COMANDANTE FONTANES,SAN ISIDRO,113,CARABANCHEL,11,"17.159,51","1,72"
214,AVDA. POBLADOS - JACOBINA,VISTA ALEGRE,114,CARABANCHEL,11,"15.640,84","1,56"
215,API 11.08 AVDA. POBLADOS - VIA LUSITANA,ABRANTES,117,CARABANCHEL,11,"13.496,45","1,35"
216,JARDIN LOS PARRALES,BUENAVISTA,116,CARABANCHEL,11,"10.721,46","1,07"
217,POL. INDUSTRIAL TAMAMES - AGUACATE,BUENAVISTA,116,CARABANCHEL,11,"12.496,80","1,25"
218,COL. URBIS,COMILLAS,111,CARABANCHEL,11,"12.323,95","1,23"
219,AVDA. POBLADOS - CHIRIVITA,PUERTA BONITA,115,CARABANCHEL,11,"11.720,32","1,17"
220,AVDA. DE LOS POBLADOS - ALBA DE TORMES,PUERTA BONITA,115,CARABANCHEL,11,"11.127,09","1,11"
221,AGUACATE- AVDA PESETA,BUENAVISTA,116,CARABANCHEL,11,"10.286,11","1,03"
222,COL. EXPERIMENTALES,OPANEL,112,CARABANCHEL,11,"10.030,56","1,00"
223,COL. CODORNIZ,VISTA ALEGRE,114,CARABANCHEL,11,"12.945,22","1,29"
224,AVDA. POBLADOS - CTRA. LEGANES,BUENAVISTA,116,CARABANCHEL,11,"20.488,46","2,05"
225,COL. DIEGO VELAZQUEZ,ABRANTES,117,CARABANCHEL,11,"20.021,77","2,00"
226,LTRL. VIA LUSITANA,ABRANTES,117,CARABANCHEL,11,"21.851,70","2,19"
227,JARDÃN DE LAS ASOCIACIONES,SAN ISIDRO,113,CARABANCHEL,11,"21.154,18","2,12"
228,PARQUE EMPERATRIZ MARIA DE AUSTRIA,ABRANTES,117,CARABANCHEL,11,"622.924,31","62,29"
229,PARQUE SAN ISIDRO,SAN ISIDRO,113,CARABANCHEL,11,"248.983,99","24,90"
230,PARQUE DE LA VOLATERIA Y ENTORNO,BUENAVISTA,116,CARABANCHEL,11,"157.817,37","15,78"
231,Z.F. PAU CARABANCHEL - CEMENTERIO,BUENAVISTA,116,CARABANCHEL,11,"143.794,66","14,38"
232,UVA PAN BENDITO,PUERTA BONITA,115,CARABANCHEL,11,"55.949,85","5,59"
233,JARDIN LOS POZUELOS,BUENAVISTA,116,CARABANCHEL,11,"51.196,17","5,12"
234,Z.F. PAU CARABANCHEL - M-40,BUENAVISTA,116,CARABANCHEL,11,"121.104,90","12,11"
235,Parque de Salvador Allende,BUENAVISTA,116,CARABANCHEL,11,"37.238,28","3,72"
236,PARQUE DE COMILLAS,COMILLAS,111,CARABANCHEL,11,"35.337,54","3,53"
237,COL. PARQUE EUGENIA DE MONTIJO,VISTA ALEGRE,114,CARABANCHEL,11,"34.352,24","3,44"
238,PARQUE EUGENIA DE MONTIJO I,VISTA ALEGRE,114,CARABANCHEL,11,"31.351,23","3,14"
239,TALUD SAN ILLAN,SAN ISIDRO,113,CARABANCHEL,11,"28.956,83","2,90"
240,PARQUE STA. RITA,PUERTA BONITA,115,CARABANCHEL,11,"27.869,57","2,79"
241,MED. AVDA. LA PESETA,BUENAVISTA,116,CARABANCHEL,11,"24.587,67","2,46"
242,PARQUE EUGENIA DE MONTIJO II,VISTA ALEGRE,114,CARABANCHEL,11,"42.632,33","4,26"
243,A.V.C. GTA. DE MALAGA - NUEVO PRADOLONGO,ORCASUR,122,USERA,12,"13.650,89","1,37"
244,Z.F. RAFAELA YBARRA,PRADOLONGO,127,USERA,12,"16.497,36","1,65"
245,PARQUE DE LA PERLA,SAN FERMIN,123,USERA,12,"14.486,16","1,45"
246,PANTALLA VERDE CTRA. TOLEDO I,ZOFIO,126,USERA,12,"14.345,06","1,43"
247,OLIGISTO,SAN FERMIN,123,USERA,12,"14.017,80","1,40"
248,INST. DEP. SAN FERMIN - ESTAFETA,SAN FERMIN,123,USERA,12,"14.011,73","1,40"
249,ESPACIOS LIBRES BÂº  ZOFIO II,ZOFIO,126,USERA,12,"12.940,04","1,29"
250,ENTORNO GTA. MALAGA,SAN FERMIN,123,USERA,12,"10.111,33","1,01"
251,DR. TOLOSA LATOUR - AVDA. CORDOBA,ORCASUR,122,USERA,12,"12.515,35","1,25"
252,J.M. USERA,PRADOLONGO,127,USERA,12,"11.489,56","1,15"
253,PZA. ASOCIACION MESETA DE ORCASITAS,ORCASITAS,121,USERA,12,"11.368,54","1,14"
254,JARDIN SILVINA,SAN FERMIN,123,USERA,12,"10.994,96","1,10"
255,PARQUE ALZOLA,ORCASITAS,121,USERA,12,"10.494,57","1,05"
256,COL. CÂº VIEJO VILLAVERDE,ORCASITAS,121,USERA,12,"10.384,74","1,04"
257,COL. SAN FERMIN,SAN FERMIN,123,USERA,12,"12.896,59","1,29"
258,URB. NORTE P. ORCASITAS - PPI 13,ZOFIO,126,USERA,12,"20.566,06","2,06"
259,TOLOSA - AVDA. DE LOS POBLADOS,ORCASITAS,121,USERA,12,"20.536,75","2,05"
260,TALUD TALBOT,ORCASITAS,121,USERA,12,"23.581,55","2,36"
261,PARQUE SEGURA,ORCASITAS,121,USERA,12,"22.223,94","2,22"
262,PARQUE DE PRADOLONGO,PRADOLONGO,127,USERA,12,"595.660,85","59,57"
263,POBLADO DIRIGIDO ORCASITAS,ORCASITAS,121,USERA,12,"86.420,90","8,64"
264,COLONIA MESETA DE ORCASITAS I,ORCASITAS,121,USERA,12,"64.296,35","6,43"
265,PARQUE MUJERES DE ORCASITAS,ORCASITAS,121,USERA,12,"48.413,58","4,84"
266,PARQUE OLOF PALME,ZOFIO,126,USERA,12,"44.838,60","4,48"
267,COL. ORCASUR,ORCASUR,122,USERA,12,"38.314,61","3,83"
268,COL. MESETA DE ORCASITAS II,ORCASITAS,121,USERA,12,"50.535,04","5,05"
269,PERI 12 - 5 RANCHO DEL CORDOBES,ORCASUR,122,USERA,12,"32.833,93","3,28"
270,COL. PABLO JIMENEZ,MOSCARDO,125,USERA,12,"26.790,66","2,68"
271,INTBL. GRUPO USERA,ZOFIO,126,USERA,12,"26.288,23","2,63"
272,NUEVO PRADOLONGO,ORCASUR,122,USERA,12,"26.041,24","2,60"
273,PARQUE SAN FERMIN,SAN FERMIN,123,USERA,12,"24.396,47","2,44"
274,COL. DE ALMENDRALES,ALMENDRALES,124,USERA,12,"24.235,29","2,42"
275,PANTALLA VERDE CTRA. TOLEDO II,ZOFIO,126,USERA,12,"34.569,21","3,46"
276,MED. AVDA. BUENOS AIRES,PORTAZGO,135,PUENTE DE VALLECAS,13,"13.571,45","1,36"
277,CAMPO DEL TORO,PALOMERAS SURESTE,133,PUENTE DE VALLECAS,13,"20.897,47","2,09"
278,COL. SIERRA DEL VALLE,PALOMERAS BAJAS,134,PUENTE DE VALLECAS,13,"20.436,20","2,04"
279,JARDINES FELIPE DE DIEGO,PALOMERAS BAJAS,134,PUENTE DE VALLECAS,13,"19.331,81","1,93"
280,PARQUE ENTREVIAS POZO,ENTREVIAS,131,PUENTE DE VALLECAS,13,"17.882,04","1,79"
281,PZA. DE LA CONSTITUCION,PORTAZGO,135,PUENTE DE VALLECAS,13,"17.717,14","1,77"
282,TRASERA TEJAR DE LA PASTORA,NUMANCIA,136,PUENTE DE VALLECAS,13,"17.124,93","1,71"
283,COCHERON DE LA VILLA ESTE,PALOMERAS SURESTE,133,PUENTE DE VALLECAS,13,"13.004,37","1,30"
284,PARQUE POZO DEL TIO RAIMUNDO,ENTREVIAS,131,PUENTE DE VALLECAS,13,"10.393,03","1,04"
285,INTERIORES MUDELA,ENTREVIAS,131,PUENTE DE VALLECAS,13,"11.798,63","1,18"
286,PARQUE DE MARCHAMALO,PORTAZGO,135,PUENTE DE VALLECAS,13,"11.737,24","1,17"
287,MED. MIGUEL HERNANDEZ,PALOMERAS SURESTE,133,PUENTE DE VALLECAS,13,"11.552,58","1,16"
288,CALLE 30 MENDEZ ALVARO ACCESO SUR VALLECAS,ENTREVIAS,131,PUENTE DE VALLECAS,13,"11.409,52","1,14"
289,BULEVAR PABLO NERUDA - CENTRAL,PALOMERAS SURESTE,133,PUENTE DE VALLECAS,13,"11.332,83","1,13"
290,Z.A. ESTACION EL POZO,ENTREVIAS,131,PUENTE DE VALLECAS,13,"11.308,70","1,13"
291,PARQUE DE PALOMERAS - AMOS ACERO,SAN DIEGO,132,PUENTE DE VALLECAS,13,"9.987,18","1,00"
292,ENCACHADOS MADRID - SUR,PALOMERAS BAJAS,134,PUENTE DE VALLECAS,13,"22.452,20","2,25"
293,PARQUE FERNANDO GIRALDEZ,NUMANCIA,136,PUENTE DE VALLECAS,13,"12.111,10","1,21"
294,PARQUE PALOMERAS BAJAS,PALOMERAS BAJAS,134,PUENTE DE VALLECAS,13,"22.693,58","2,27"
295,PTRRES. Y TRASERA SIERRA ELVIRA,NUMANCIA,136,PUENTE DE VALLECAS,13,"11.420,68","1,14"
296,NUDO CALLE 30 - A3,NUMANCIA,136,PUENTE DE VALLECAS,13,"23.969,43","2,40"
297,PARQUE LINEAL DE PALOMERAS,PALOMERAS SURESTE,133,PUENTE DE VALLECAS,13,"395.508,20","39,55"
298,PARQUE EL CERRO DEL TIO PIO,NUMANCIA,136,PUENTE DE VALLECAS,13,"159.018,23","15,90"
299,PARQUE DE ENTREVIAS,ENTREVIAS,131,PUENTE DE VALLECAS,13,"117.678,26","11,77"
300,URB. ALBUFERA NORTE,PORTAZGO,135,PUENTE DE VALLECAS,13,"95.218,39","9,52"
301,Z.F. POZO - LTRL M40,ENTREVIAS,131,PUENTE DE VALLECAS,13,"23.335,15","2,33"
302,STA. CATALINA / ACCESO EMT,ENTREVIAS,131,PUENTE DE VALLECAS,13,"90.677,04","9,07"
303,FORESTAL COMUNIDAD DE MADRID,ENTREVIAS,131,PUENTE DE VALLECAS,13,"89.534,49","8,95"
304,PARQUE PAYASO FOFO,PALOMERAS BAJAS,134,PUENTE DE VALLECAS,13,"76.819,87","7,68"
305,PARQUE ENTREVIAS FORESTAL,ENTREVIAS,131,PUENTE DE VALLECAS,13,"539.813,05","53,98"
306,PARQUE LA VIÃA,ENTREVIAS,131,PUENTE DE VALLECAS,13,"43.731,10","4,37"
307,PARQUE RONDA DEL SUR - STA. CATALINA,ENTREVIAS,131,PUENTE DE VALLECAS,13,"42.105,84","4,21"
308,ANILLO VERDE CICLISTA VALLECAS,ENTREVIAS,131,PUENTE DE VALLECAS,13,"40.869,09","4,09"
309,SECTOR PALOMERAS NORTE,PORTAZGO,135,PUENTE DE VALLECAS,13,"38.528,30","3,85"
310,CAMPO DE LA PALOMA,PALOMERAS SURESTE,133,PUENTE DE VALLECAS,13,"38.146,82","3,81"
311,EL SOTO DE ENTREVIAS,ENTREVIAS,131,PUENTE DE VALLECAS,13,"33.490,69","3,35"
312,PLATAFORMA Y ZONA VERDE LTRL. AVDA. ENTREVIAS,ENTREVIAS,131,PUENTE DE VALLECAS,13,"30.779,26","3,08"
313,PARQUE FORESTAL RONDA DEL SUR,ENTREVIAS,131,PUENTE DE VALLECAS,13,"30.394,85","3,04"
314,PARQUE AZORIN,PALOMERAS BAJAS,134,PUENTE DE VALLECAS,13,"47.457,48","4,75"
315,EJE O'DONELL - MORATALAZ,MEDIA LEGUA,144,MORATALAZ,14,"14.639,20","1,46"
316,ZONA M-30 NUDO O'DONNELL,MEDIA LEGUA,144,MORATALAZ,14,"15.485,11","1,55"
317,TALUDES M-30,MEDIA LEGUA,144,MORATALAZ,14,"19.152,83","1,92"
318,DR. GARCIA TAPIA,HORCAJO,142,MORATALAZ,14,"15.721,74","1,57"
319,"INTBL. POLIG. ""F""",MARROQUINA,143,MORATALAZ,14,"16.740,17","1,67"
320,PISTA DE PATINAJE HACIENDA DE PAVONES,VINATEROS,146,MORATALAZ,14,"14.145,85","1,41"
321,BARRIO II - FTE. CARRANTONA,FONTARRON,145,MORATALAZ,14,"15.539,39","1,55"
322,BARRIO IV - FTE. CARRANTONA,PAVONES,141,MORATALAZ,14,"13.560,26","1,36"
323,PARQUE ALCAMPO,MEDIA LEGUA,144,MORATALAZ,14,"10.774,87","1,08"
324,BARRIO I - FTE. CARRANTONA,VINATEROS,146,MORATALAZ,14,"13.247,94","1,32"
325,PARQUE DEPORTIVO DR. GÂª TAPIA,MEDIA LEGUA,144,MORATALAZ,14,"11.587,04","1,16"
326,CEIP. PIO BAROJA,VINATEROS,146,MORATALAZ,14,"11.284,42","1,13"
327,ZONA CENTRAL IVIMA,MEDIA LEGUA,144,MORATALAZ,14,"10.548,19","1,05"
328,"INTBL. POLIG. ""I""",VINATEROS,146,MORATALAZ,14,"10.492,96","1,05"
329,JM_JUNTA MUNICIPAL,PAVONES,141,MORATALAZ,14,"10.389,40","1,04"
330,BARRIO VI - FTE. CARRANTONA,PAVONES,141,MORATALAZ,14,"9.827,43","0,98"
331,PARQUE ARROYO FONTARRON II,FONTARRON,145,MORATALAZ,14,"21.366,08","2,14"
332,BARRIO IV,PAVONES,141,MORATALAZ,14,"13.416,22","1,34"
333,"INTBL. POLIG. ""E""",MARROQUINA,143,MORATALAZ,14,"22.222,02","2,22"
334,Z.A. PAVONES NORTE - ANTIGUO FORESTAL,MARROQUINA,143,MORATALAZ,14,"23.642,34","2,36"
335,PARQUE ARROYO FONTARRON,PAVONES,141,MORATALAZ,14,"85.994,13","8,60"
336,"INTBL. POLIG. ""C""",MEDIA LEGUA,144,MORATALAZ,14,"22.516,59","2,25"
337,BARRIO III,FONTARRON,145,MORATALAZ,14,"51.310,50","5,13"
338,PARQUE DE MORATALAZ,MARROQUINA,143,MORATALAZ,14,"49.158,59","4,92"
339,ANILLO CICLISTA,HORCAJO,142,MORATALAZ,14,"45.390,12","4,54"
340,PARQUE DARWIN,FONTARRON,145,MORATALAZ,14,"41.052,99","4,11"
341,PARQUE MARTALA,MARROQUINA,143,MORATALAZ,14,"33.639,17","3,36"
342,PARQUE PAVONES NORTE - Z.A.,MARROQUINA,143,MORATALAZ,14,"33.098,30","3,31"
343,"INTBL. POLIG. ""G""",FONTARRON,145,MORATALAZ,14,"30.970,43","3,10"
344,BARRIO II,FONTARRON,145,MORATALAZ,14,"38.152,71","3,82"
345,TALUDES ARROYO FONTARRON,FONTARRON,145,MORATALAZ,14,"29.693,68","2,97"
346,BARRIO VI,PAVONES,141,MORATALAZ,14,"28.827,52","2,88"
347,PAVONES ESTE TALUD M-40,PAVONES,141,MORATALAZ,14,"28.383,70","2,84"
348,PAVONES ESTE PARQUE URBANO,HORCAJO,142,MORATALAZ,14,"28.362,70","2,84"
349,"INTBL. POLIG. ""H""",VINATEROS,146,MORATALAZ,14,"28.814,90","2,88"
350,"INTBL. POLIG. ""A""",MEDIA LEGUA,144,MORATALAZ,14,"24.756,40","2,48"
351,POLIG. 38 - M-30,FONTARRON,145,MORATALAZ,14,"24.249,26","2,42"
352,PARQUE VANDEL,MARROQUINA,143,MORATALAZ,14,"30.568,20","3,06"
353,COL. BRAULIO GUTIERREZ,PUEBLO NUEVO,152,CIUDAD LINEAL,15,"14.486,64","1,45"
354,CALLE 30 - O'DONNELL- MARQUES DE CORBERA,VENTAS,151,CIUDAD LINEAL,15,"18.780,36","1,88"
355,CALLE 30 - NUDO COSTA RICA,ATALAYA,158,CIUDAD LINEAL,15,"17.858,05","1,79"
356,Z.V. ENTRE VILLAESCUSA Y CEMENTERIO CIVIL,PUEBLO NUEVO,152,CIUDAD LINEAL,15,"16.267,81","1,63"
357,BÂº BILBAO - ARCENTALES,PUEBLO NUEVO,152,CIUDAD LINEAL,15,"16.002,16","1,60"
358,"POL. MARQUESA AMBOAGE, 17 - AVDA. PAZ",SAN JUAN BAUTISTA,156,CIUDAD LINEAL,15,"14.674,55","1,47"
359,POL. VALDELACIERVA,PUEBLO NUEVO,152,CIUDAD LINEAL,15,"13.837,48","1,38"
360,CALLE 30 - YERMA,COSTILLARES,159,CIUDAD LINEAL,15,"18.973,97","1,90"
361,JARDIN DE PABLO RAEZ,CONCEPCION,154,CIUDAD LINEAL,15,"12.387,84","1,24"
362,JARDIN DE JOSE COUSO PERMUY Y JULIO ANGUITA PARRADO,PUEBLO NUEVO,152,CIUDAD LINEAL,15,"11.616,66","1,16"
363,POL. AFRICA,PUEBLO NUEVO,152,CIUDAD LINEAL,15,"12.448,70","1,24"
364,CALLE 30 - NUDO MANOTERAS - CIUDAD LINEAL,COSTILLARES,159,CIUDAD LINEAL,15,"11.051,75","1,11"
365,CEMENTERIO DE LA ALMUDENA,VENTAS,151,CIUDAD LINEAL,15,"10.405,12","1,04"
366,PZA. NUEVA ORLEANS,SAN PASCUAL,155,CIUDAD LINEAL,15,"9.998,45","1,00"
367,MED. ASCAO,PUEBLO NUEVO,152,CIUDAD LINEAL,15,"9.755,72","0,98"
368,CALLE 30 - CONDADO DE TREVIÃO,COSTILLARES,159,CIUDAD LINEAL,15,"13.007,23","1,30"
369,PARQUE DE LOS TILOS,PUEBLO NUEVO,152,CIUDAD LINEAL,15,"21.269,23","2,13"
370,AVDA. MARQUES DE CORBERA,VENTAS,151,CIUDAD LINEAL,15,"11.146,45","1,11"
371,PARQUE DEL DOCTOR FERNANDEZ CATALINA,COSTILLARES,159,CIUDAD LINEAL,15,"23.456,89","2,35"
372,PINAR DE LA ELIPA,VENTAS,151,CIUDAD LINEAL,15,"144.715,65","14,47"
373,ARTURO SORIA,COSTILLARES,159,CIUDAD LINEAL,15,"67.461,47","6,75"
374,PARQUE EL CALERO,CONCEPCION,154,CIUDAD LINEAL,15,"64.690,28","6,47"
375,VALLA SUR DEL CEMENTERIO DE LA ALMUDENA,VENTAS,151,CIUDAD LINEAL,15,"52.906,88","5,29"
376,PARQUE DE ARRIAGA,PUEBLO NUEVO,152,CIUDAD LINEAL,15,"50.930,01","5,09"
377,PARQUE MALMOE,PUEBLO NUEVO,152,CIUDAD LINEAL,15,"43.800,60","4,38"
378,CALLE 30 - MANUEL AZAÃA,COSTILLARES,159,CIUDAD LINEAL,15,"33.782,57","3,38"
379,PARQUE ANTONIO PIRALA,VENTAS,151,CIUDAD LINEAL,15,"21.774,48","2,18"
380,PINAR DE CHAMARTIN,COSTILLARES,159,CIUDAD LINEAL,15,"30.126,42","3,01"
381,COL. JOSE ARCONES GIL,PUEBLO NUEVO,152,CIUDAD LINEAL,15,"29.746,14","2,97"
382,COL. SAN JUAN BAUTISTA,SAN JUAN BAUTISTA,156,CIUDAD LINEAL,15,"29.233,54","2,92"
383,CALLE 30 - NUDO AVDA. AMERICA,SAN JUAN BAUTISTA,156,CIUDAD LINEAL,15,"29.065,83","2,91"
384,CALLE 30 - RAFAEL BERGAMIN,SAN JUAN BAUTISTA,156,CIUDAD LINEAL,15,"28.379,03","2,84"
385,CALLE 30 - TALUD COSTA RICA,COLINA,157,CIUDAD LINEAL,15,"24.732,31","2,47"
386,CALLE 30 - TALUD SAN MARCELO,VENTAS,151,CIUDAD LINEAL,15,"24.271,70","2,43"
387,PARQUE DE LA ALMUDENA,PUEBLO NUEVO,152,CIUDAD LINEAL,15,"36.410,06","3,64"
388,ALMACENES MANOTERAS,VALDEFUENTES,166,HORTALEZA,16,"22.058,38","2,21"
389,PRINCIPE CARLOS - FERNANDO DE ROJAS - ISABEL CLARA EUGENIA,VALDEFUENTES,166,HORTALEZA,16,"22.058,67","2,21"
390,Z.F. CTRA. BURGOS - N-I - M-40,VALDEFUENTES,166,HORTALEZA,16,"22.146,74","2,21"
391,CUBIERTA SAN LORENZO,PINAR DEL REY,164,HORTALEZA,16,"22.218,02","2,22"
392,MED. SECUNDINO ZUAZO,VALDEFUENTES,166,HORTALEZA,16,"22.469,66","2,25"
393,Z.F. SAN ENRIQUE DE OSSO,VALDEFUENTES,166,HORTALEZA,16,"22.774,16","2,28"
394,CONECTOR JOSE ANTONIO FERNANDEZ ORDOÃEZ,VALDEFUENTES,166,HORTALEZA,16,"23.341,46","2,33"
395,ZONA FORESTAL I Y II (SANCHINARRO),VALDEFUENTES,166,HORTALEZA,16,"23.322,54","2,33"
396,GTA. ALCALDE MORENO TORRES,VALDEFUENTES,166,HORTALEZA,16,"22.016,95","2,20"
397,PARQUE DE GREGORIO PECES-BARBA,VALDEFUENTES,166,HORTALEZA,16,"24.457,29","2,45"
398,PARQUE PEONIAS,PALOMAS,1,HORTALEZA,16,"24.722,59","2,47"
399,Z.F. VILLAROSA,CANILLAS,163,HORTALEZA,16,"24.727,97","2,47"
400,FRANCISCO PI Y MARGALL - C. MANOTERAS,VALDEFUENTES,166,HORTALEZA,16,"25.856,50","2,59"
401,MED. ANA DE AUSTRIA,VALDEFUENTES,166,HORTALEZA,16,"23.137,32","2,31"
402,PARQUE YUCATAN,PALOMAS,1,HORTALEZA,16,"21.541,28","2,15"
403,CONECTOR ANTONIO MIRO VALVERDE,VALDEFUENTES,166,HORTALEZA,16,"20.960,81","2,10"
404,PARQUE ISABEL CLARA EUGENIA,PINAR DEL REY,164,HORTALEZA,16,"21.332,61","2,13"
405,BARRIO DE SANTIAGO APOSTOL,APOSTOL SANTIAGO,165,HORTALEZA,16,"21.070,52","2,11"
406,VIA PECUARIA,VALDEFUENTES,166,HORTALEZA,16,"20.753,51","2,08"
407,Z.F. MARIA DE PORTUGAL,VALDEFUENTES,166,HORTALEZA,16,"20.688,98","2,07"
408,CONECTOR JOSEFINA ALDECOA,VALDEFUENTES,166,HORTALEZA,16,"20.447,06","2,04"
409,SOLANA DE VALDEBEBAS,VALDEFUENTES,166,HORTALEZA,16,"27.084,78","2,71"
410,MED. GRAN VIA DE HORTALEZA,PINAR DEL REY,164,HORTALEZA,16,"18.879,03","1,89"
411,FRANCISCO PI Y MARGALL - MARIA DE PORTUGAL,VALDEFUENTES,166,HORTALEZA,16,"18.804,84","1,88"
412,CONECTOR FINA DE CALDERON,VALDEFUENTES,166,HORTALEZA,16,"18.610,76","1,86"
413,CONECTOR JORDI SOLE TURA,VALDEFUENTES,166,HORTALEZA,16,"18.562,42","1,86"
414,AVDA. SAN LUIS - VILLA DE PONS,PINAR DEL REY,164,HORTALEZA,16,"17.195,64","1,72"
415,CONDE DE ORGAZ,PIOVERA,162,HORTALEZA,16,"17.018,01","1,70"
416,CONECTOR JOSE ANTONIO CODERCH,VALDEFUENTES,166,HORTALEZA,16,"16.667,03","1,67"
417,PARQUE HUERTA DE LA SALUD,PINAR DEL REY,164,HORTALEZA,16,"16.316,25","1,63"
418,Z.F. BÂº SAN LORENZO,PINAR DEL REY,164,HORTALEZA,16,"21.433,52","2,14"
419,MED. Y RTDAS. BARRIOS SAN ANTONIO Y LAS CARCAVAS (VALDEBEBAS),VALDEFUENTES,166,HORTALEZA,16,"19.978,89","2,00"
420,PARQUE VIA MARTINA DIAZ - ANA DE AUSTRIA,VALDEFUENTES,166,HORTALEZA,16,"27.324,60","2,73"
421,PARQUE INFANTA CATALINA MICAELA I,VALDEFUENTES,166,HORTALEZA,16,"28.430,86","2,84"
422,Z.F. PINAR DE BARAJAS,PIOVERA,162,HORTALEZA,16,"207.215,56","20,72"
423,ZONA FORESTAL I Y II,VALDEFUENTES,166,HORTALEZA,16,"163.689,67","16,37"
424,PARQUE FLUVIAL SANCHINARRO,VALDEFUENTES,166,HORTALEZA,16,"104.633,27","10,46"
425,VICENTE BLASCO IBAÃEZ C/V PADRES DOMINICOS,VALDEFUENTES,166,HORTALEZA,16,"97.166,49","9,72"
426,PARQUE LOS LLANOS,PIOVERA,162,HORTALEZA,16,"94.854,11","9,49"
427,PARQUE STA. ADELA,PINAR DEL REY,164,HORTALEZA,16,"86.015,98","8,60"
428,MED. C/ PRINCIPE CARLOS,VALDEFUENTES,166,HORTALEZA,16,"27.914,98","2,79"
429,BULEVAR JUAN ANTONIO SAMARANCH,VALDEFUENTES,166,HORTALEZA,16,"79.372,21","7,94"
430,PARQUE MARIA TUDOR,VALDEFUENTES,166,HORTALEZA,16,"72.393,35","7,24"
431,NICETO ALCALA ZAMORA,VALDEFUENTES,166,HORTALEZA,16,"64.210,69","6,42"
432,Z.F. ACCESO A LA EST. HORTALEZA,APOSTOL SANTIAGO,165,HORTALEZA,16,"54.515,71","5,45"
433,PARQUE INFANTA CATALINA MICAELA II,VALDEFUENTES,166,HORTALEZA,16,"53.730,03","5,37"
434,Z.F. LOS LLANOS - M-40,PIOVERA,162,HORTALEZA,16,"52.545,61","5,25"
435,PARQUE DE LA CORNISA,APOSTOL SANTIAGO,165,HORTALEZA,16,"50.435,33","5,04"
436,PARQUE  VILLAROSA ,CANILLAS,163,HORTALEZA,16,"49.549,95","4,95"
437,Z.F. MONOVAR,APOSTOL SANTIAGO,165,HORTALEZA,16,"84.218,15","8,42"
438,Z.F. PINAR DEL REY,CANILLAS,163,HORTALEZA,16,"45.511,62","4,55"
439,PARQUE DE DOÃA GUIOMAR,APOSTOL SANTIAGO,165,HORTALEZA,16,"46.639,68","4,66"
440,MED. MANUEL FRAGA IRIBARNE,VALDEFUENTES,166,HORTALEZA,16,"28.968,32","2,90"
441,BÂº APOSTOL SANTIAGO,APOSTOL SANTIAGO,165,HORTALEZA,16,"29.931,66","2,99"
442,MED. Y GTAS. EN AVDA. NICETO ALCALA ZAMORA,VALDEFUENTES,166,HORTALEZA,16,"30.021,57","3,00"
443,Z.A. PINAR DEL REY,CANILLAS,163,HORTALEZA,16,"30.720,55","3,07"
444,PARQUE MIRADOR DE LAS CARCAVAS,VALDEFUENTES,166,HORTALEZA,16,"31.624,58","3,16"
445,PARQUE SAN LORENZO,PINAR DEL REY,164,HORTALEZA,16,"31.747,31","3,17"
446,CÂº DE LA CUERDA,PINAR DEL REY,164,HORTALEZA,16,"30.424,71","3,04"
447,ANA DE AUSTRIA,VALDEFUENTES,166,HORTALEZA,16,"33.228,53","3,32"
448,PARQUE FERNANDO DE ROJAS - AVDA. NICETO ALCALA ZAMORA,VALDEFUENTES,166,HORTALEZA,16,"33.822,63","3,38"
449,FUERZAS ARMADAS,VALDEFUENTES,166,HORTALEZA,16,"35.966,04","3,60"
450,AVDA. LOGROÃO - M-40,PALOMAS,1,HORTALEZA,16,"36.831,02","3,68"
451,PARQUE ALFREDO KRAUS,PINAR DEL REY,164,HORTALEZA,16,"38.576,63","3,86"
452,Z.F. MARTINA DIAZ,VALDEFUENTES,166,HORTALEZA,16,"41.772,74","4,18"
453,PARQUE DE MANOTERAS,APOSTOL SANTIAGO,165,HORTALEZA,16,"33.205,93","3,32"
454,POL. EL GATO PARQUE CENTRAL,VILLAVERDE ALTO C.H.,171,VILLAVERDE,17,"15.315,96","1,53"
455,PÂº PLATA Y CASTAÃAR - ISLAS,VILLAVERDE ALTO C.H.,171,VILLAVERDE,17,"20.886,49","2,09"
456,PARQUE DE LA AMISTAD,LOS ROSALES,174,VILLAVERDE,17,"19.420,37","1,94"
457,COL. SAN CRISTÃBAL DE LOS ANGELES POL.1,SAN CRISTOBAL,172,VILLAVERDE,17,"18.129,62","1,81"
458,VILLALONSO - PUEBLA DE SANABRIA,VILLAVERDE ALTO C.H.,171,VILLAVERDE,17,"15.217,63","1,52"
459,CALLE CALCIO,BUTARQUE,173,VILLAVERDE,17,"16.109,91","1,61"
460,INTBL. CANCIÃN DEL OLVIDO- CORTE DEL FARAÃN,LOS ANGELES,175,VILLAVERDE,17,"15.997,24","1,60"
461,PARQUE EL CRUCE,LOS ANGELES,175,VILLAVERDE,17,"15.058,93","1,51"
462,"AVDA. LOS ROSALES, 123 - 125",BUTARQUE,173,VILLAVERDE,17,"11.081,81","1,11"
463,ESTRONCIO - EDUARDO MINGUITO,LOS ROSALES,174,VILLAVERDE,17,"13.840,43","1,38"
464,BULEVAR  BERROCAL,BUTARQUE,173,VILLAVERDE,17,"13.499,46","1,35"
465,COL. SAN NICOLÃS Y ARECHAVALETA,LOS ANGELES,175,VILLAVERDE,17,"13.291,98","1,33"
466,PARQUE HUERTA DEL OBISPO-VILLAVERDE,VILLAVERDE ALTO C.H.,171,VILLAVERDE,17,"11.053,05","1,11"
467,JARDIN LENGUAS,VILLAVERDE ALTO C.H.,171,VILLAVERDE,17,"11.800,02","1,18"
468,"UNIDAD 2 DE OROQUIETA APD, 13-15",LOS ROSALES,174,VILLAVERDE,17,"11.353,77","1,14"
469,COL. SAN CRISTÃBAL DE LOS ANGELES POL. 3 Y 5,SAN CRISTOBAL,172,VILLAVERDE,17,"21.265,10","2,13"
470,PARQUE ESPERANZA NORTE,LOS ANGELES,175,VILLAVERDE,17,"13.881,16","1,39"
471,INTBL. SOTO DEL PARRAL- HUESPED SEVILLANO,LOS ANGELES,175,VILLAVERDE,17,"21.902,62","2,19"
472,Z.F. BUTARQUE,BUTARQUE,173,VILLAVERDE,17,"83.417,15","8,34"
473,PARQUE LOS ROSALES,BUTARQUE,173,VILLAVERDE,17,"22.362,05","2,24"
474,PARQUE FORESTAL JULIO ALGUACIL GOMEZ,VILLAVERDE ALTO C.H.,171,VILLAVERDE,17,"446.071,11","44,61"
475,PARQUE DE PLATA Y CASTAÃAR,VILLAVERDE ALTO C.H.,171,VILLAVERDE,17,"220.266,19","22,03"
476,PARQUE DEHESA BOYAL,SAN CRISTOBAL,172,VILLAVERDE,17,"126.823,50","12,68"
477,PARQUE DEL ESPINILLO,LOS ROSALES,174,VILLAVERDE,17,"73.188,33","7,32"
478,PARQUE CAMINO CENTRAL DE LOS INGENIEROS,LOS ANGELES,175,VILLAVERDE,17,"68.407,53","6,84"
479,PARQUE BUTARQUE,BUTARQUE,173,VILLAVERDE,17,"58.655,46","5,87"
480,POL. LA RESINA,VILLAVERDE ALTO C.H.,171,VILLAVERDE,17,"48.355,39","4,84"
481,GRAN VÃA VILLAVERDE,VILLAVERDE ALTO C.H.,171,VILLAVERDE,17,"44.541,63","4,45"
482,PARQUE LENGUAS OESTE,VILLAVERDE ALTO C.H.,171,VILLAVERDE,17,"22.089,83","2,21"
483,PARQUE VIRGEN DE LA ESPERANZA,LOS ANGELES,175,VILLAVERDE,17,"33.301,80","3,33"
484,COL. EL AHORRO,LOS ANGELES,175,VILLAVERDE,17,"29.620,29","2,96"
485,BARRIO DE BUTARQUE,BUTARQUE,173,VILLAVERDE,17,"26.487,52","2,65"
486,UVA VILLAVERDE,VILLAVERDE ALTO C.H.,171,VILLAVERDE,17,"25.544,19","2,55"
487,PARQUE NORTE SAN LUCIANO,LOS ANGELES,175,VILLAVERDE,17,"24.140,75","2,41"
488,RECINTO FERIAL PLATA Y CASTAÃAR,VILLAVERDE ALTO C.H.,171,VILLAVERDE,17,"23.245,46","2,32"
489,PTE. ALCOCER,VILLAVERDE ALTO C.H.,171,VILLAVERDE,17,"22.798,38","2,28"
490,PARQUE CIUDAD DE LOS ANGELES,LOS ANGELES,175,VILLAVERDE,17,"36.436,73","3,64"
491,ENTREPEÃAS,ENSANCHE DE VALLECAS,183,VILLA DE VALLECAS,18,"29.398,26","2,94"
492,DEPOSITO DE AGUA,ENSANCHE DE VALLECAS,183,VILLA DE VALLECAS,18,"26.122,00","2,61"
493,REAL DE ARGANDA,SANTA EUGENIA,182,VILLA DE VALLECAS,18,"26.450,37","2,65"
494,MARGEN IZQUIERDO A-3,SANTA EUGENIA,182,VILLA DE VALLECAS,18,"23.711,61","2,37"
495,INTERIORES AVDA. DE LAS SUERTES - CAÃADA DEL SANTISIMO,ENSANCHE DE VALLECAS,183,VILLA DE VALLECAS,18,"23.545,73","2,35"
496,AV DE GRAN VIA SURESTE,ENSANCHE DE VALLECAS,183,VILLA DE VALLECAS,18,"23.048,02","2,30"
497,MED. AVDA. MAYORAZGO,ENSANCHE DE VALLECAS,183,VILLA DE VALLECAS,18,"13.194,91","1,32"
498,LTRLS. AVDA. MAYORAZGO,ENSANCHE DE VALLECAS,183,VILLA DE VALLECAS,18,"22.323,17","2,23"
499,PARQUE STA. EUGENIA,SANTA EUGENIA,182,VILLA DE VALLECAS,18,"20.003,69","2,00"
500,MED. AVDA. ENSANCHE DE VALLECAS,ENSANCHE DE VALLECAS,183,VILLA DE VALLECAS,18,"21.516,87","2,15"
501,MIRADOR DEL PRINCIPE,ENSANCHE DE VALLECAS,183,VILLA DE VALLECAS,18,"21.325,19","2,13"
502,POZA DE LA SAL,SANTA EUGENIA,182,VILLA DE VALLECAS,18,"18.926,65","1,89"
503,ESTACION METRO DE LA GAVIA,ENSANCHE DE VALLECAS,183,VILLA DE VALLECAS,18,"16.471,70","1,65"
504,MED. INFANTA LEONOR,SANTA EUGENIA,182,VILLA DE VALLECAS,18,"13.758,15","1,38"
505,UVA VALLECAS,SANTA EUGENIA,182,VILLA DE VALLECAS,18,"13.713,80","1,37"
506,MARGEN DERECHO A-3,SANTA EUGENIA,182,VILLA DE VALLECAS,18,"29.689,82","2,97"
507,PARQUE CÂº VASARES,SANTA EUGENIA,182,VILLA DE VALLECAS,18,"22.061,78","2,21"
508,AVDA. VILLA DE VALLECAS - AVDA. CERRO MILANO,ENSANCHE DE VALLECAS,183,VILLA DE VALLECAS,18,"30.716,73","3,07"
509,EMBALSE NAVACERRADA - EMBALSE VELLON,ENSANCHE DE VALLECAS,183,VILLA DE VALLECAS,18,"32.881,52","3,29"
510,FORESTAL DEL SURESTE,CASCO H.VALLECAS,181,VILLA DE VALLECAS,18,"728.428,73","72,84"
511,PARQUE VALLECAS VILLA - CATARATAS,CASCO H.VALLECAS,181,VILLA DE VALLECAS,18,"31.962,21","3,20"
512,LATERAL M-45,ENSANCHE DE VALLECAS,183,VILLA DE VALLECAS,18,"229.044,13","22,90"
513,PARQUE LA GAVIA,CASCO H.VALLECAS,181,VILLA DE VALLECAS,18,"194.858,19","19,49"
514,CAÃADA DEL SANTISIMO,ENSANCHE DE VALLECAS,183,VILLA DE VALLECAS,18,"154.387,01","15,44"
515,PARQUE FORESTAL M-40,CASCO H.VALLECAS,181,VILLA DE VALLECAS,18,"112.966,05","11,30"
516,AVDA. ENSANCHE DE VALLECAS - REAL DE ARGANDA,ENSANCHE DE VALLECAS,183,VILLA DE VALLECAS,18,"77.903,61","7,79"
517,CAÃADA,ENSANCHE DE VALLECAS,183,VILLA DE VALLECAS,18,"70.952,89","7,10"
518,PTO. PORZUNA - LA GRANJA SAN ILDEFONSO,ENSANCHE DE VALLECAS,183,VILLA DE VALLECAS,18,"93.978,67","9,40"
519,AVDA. DE LA GAVIA - AVDA. ENSANCHE DE VALLECAS,ENSANCHE DE VALLECAS,183,VILLA DE VALLECAS,18,"64.867,44","6,49"
520,ALTO DEL RETIRO,ENSANCHE DE VALLECAS,183,VILLA DE VALLECAS,18,"55.198,81","5,52"
521,GRAN VIA DEL SURESTE - EDUARDO CHILLIDA,ENSANCHE DE VALLECAS,183,VILLA DE VALLECAS,18,"42.708,46","4,27"
522,AVDA. DE LAS SUERTES - GRAN VIA DEL SURESTE,ENSANCHE DE VALLECAS,183,VILLA DE VALLECAS,18,"40.347,91","4,03"
523,GRAN VIA DEL SURESTE - AVDA. ENSANCHE DE VALLECAS,ENSANCHE DE VALLECAS,183,VILLA DE VALLECAS,18,"36.640,92","3,66"
524,AVDA. SALMEDINA - AVDA. VALDECULEBRAS,ENSANCHE DE VALLECAS,183,VILLA DE VALLECAS,18,"35.117,84","3,51"
525,PARQUE AVDA. ENSANCHE DE VALLECAS - M-45,ENSANCHE DE VALLECAS,183,VILLA DE VALLECAS,18,"34.898,09","3,49"
526,ENTORNO BULEVAR NATURALEZA,ENSANCHE DE VALLECAS,183,VILLA DE VALLECAS,18,"66.104,77","6,61"
527,URB. VALDERRIBAS ZV 1.2,VALDEBERNARDO,192,VICALVARO,19,"13.680,34","1,37"
528,LTRL. AVDA. DE LAS COMUNIDADES,VALDEBERNARDO,192,VICALVARO,19,"10.093,82","1,01"
529,LTRL. AVDA. DEMOCRACIA PPI - PAU 4,CASCO H.VICALVARO,191,VICALVARO,19,"20.320,62","2,03"
530,URB. LA CATALANA 2Âª FASE,CASCO H.VICALVARO,191,VICALVARO,19,"17.186,22","1,72"
531,MED. VILLABLANCA,VALDERRIVAS,193,VICALVARO,19,"16.135,99","1,61"
532,LA DEHESA - ZONA AJARDINADA,CASCO H.VICALVARO,191,VICALVARO,19,"15.177,56","1,52"
533,AVDA. DEL PARQUE - POL. IND.,CASCO H.VICALVARO,191,VICALVARO,19,"13.546,63","1,35"
534,PARQUE LADERA LOS ALMENDROS,VALDEBERNARDO,192,VICALVARO,19,"24.086,72","2,41"
535,LAS GALLEGAS,VALDEBERNARDO,192,VICALVARO,19,"12.570,46","1,26"
536,ZONA E-1 FASE,VALDERRIVAS,193,VICALVARO,19,"12.152,09","1,22"
537,EL CAÃAVERAL FASE 6. PARQUE RL-V06,EL CANAVERAL,194,VICALVARO,19,"11.759,03","1,18"
538,Z.A. DEPOSITO,VALDEBERNARDO,192,VICALVARO,19,"11.477,36","1,15"
539,EJE DE LAS GALLEGAS - LTRL.,CASCO H.VICALVARO,191,VICALVARO,19,"11.422,47","1,14"
540,MED. AVDA. DEMOCRACIA,CASCO H.VICALVARO,191,VICALVARO,19,"11.243,28","1,12"
541,PARQUE CASALARREINA,CASCO H.VICALVARO,191,VICALVARO,19,"12.910,72","1,29"
542,URB. VALDERRIBAS ZV 9.4,VALDERRIVAS,193,VICALVARO,19,"24.433,49","2,44"
543,BULEVAR INDALECIO  PRIETO,VALDEBERNARDO,192,VICALVARO,19,"22.320,92","2,23"
544,LA DEHESA - ZONA SEMIFORESTAL,CASCO H.VICALVARO,191,VICALVARO,19,"31.764,12","3,18"
545,LA DEHESA - BULEVAR CENTRAL,CASCO H.VICALVARO,191,VICALVARO,19,"28.164,15","2,82"
546,Z.F. ANILLO VERDE DE VICALVARO,CASCO H.VICALVARO,191,VICALVARO,19,"325.579,41","32,56"
547,CUÃA VERDE VICALVARO ZONA C,CASCO H.VICALVARO,191,VICALVARO,19,"127.836,38","12,78"
548,PARQUE FORESTAL DE SANTA EUGENIA,CASCO H.VICALVARO,191,VICALVARO,19,"116.391,32","11,64"
549,CUÃA VERDE VICALVARO ZONA B,CASCO H.VICALVARO,191,VICALVARO,19,"110.292,25","11,03"
550,PARQUE ESTE DE VALDEBERNARDO,VALDEBERNARDO,192,VICALVARO,19,"71.416,72","7,14"
551,EL CAÃAVERAL FASE 6. PARQUE RL-V27,EL CANAVERAL,194,VICALVARO,19,"64.016,79","6,40"
552,PARQUE VALDEBERNARDO ESTE,VALDEBERNARDO,192,VICALVARO,19,"82.747,36","8,27"
553,PARQUE DE LA VICALVARADA,CASCO H.VICALVARO,191,VICALVARO,19,"48.872,99","4,89"
554,EL CAÃAVERAL FASE 6. PARQUE RL-V28,EL CANAVERAL,194,VICALVARO,19,"44.732,01","4,47"
555,AVDA. DAROCA 299,CASCO H.VICALVARO,191,VICALVARO,19,"43.933,25","4,39"
556,BULEVAR JOSE PRAT PPI - PAU 4,VALDEBERNARDO,192,VICALVARO,19,"39.299,70","3,93"
557,CUÃA VERDE VICALVARO ZONA A,CASCO H.VICALVARO,191,VICALVARO,19,"37.802,75","3,78"
558,CUÃA VERDE VICALVARO ZONA D,CASCO H.VICALVARO,191,VICALVARO,19,"33.373,08","3,34"
559,VALDEBERNARDO M-40,VALDEBERNARDO,192,VICALVARO,19,"54.970,90","5,50"
560,MED. AVDA. ARCENTALES,ROSAS,205,SAN BLAS-CANILLEJAS,20,"17.932,00","1,79"
561,PARC. ALBERICIA,ARCOS,204,SAN BLAS-CANILLEJAS,20,"21.460,81","2,15"
562,J.M. SAN BLAS,ROSAS,205,SAN BLAS-CANILLEJAS,20,"20.674,35","2,07"
563,URB. PARQUE METROPOLITANO,ROSAS,205,SAN BLAS-CANILLEJAS,20,"19.440,41","1,94"
564,PARQUE BUTRON,ROSAS,205,SAN BLAS-CANILLEJAS,20,"18.910,11","1,89"
565,JOSEFA VALCARCEL,EL SALVADOR,208,SAN BLAS-CANILLEJAS,20,"15.095,05","1,51"
566,PARQUE ARQUITECTO ANTONIO PALACIOS,CANILLEJAS,207,SAN BLAS-CANILLEJAS,20,"13.849,65","1,38"
567,AQUITANIA - INSTITUCION LIBRE DE ENSEÃANZA,ARCOS,204,SAN BLAS-CANILLEJAS,20,"16.364,00","1,64"
568,AVDA. DE ARCENTALES - MIGUEL YUSTE,SIMANCAS,201,SAN BLAS-CANILLEJAS,20,"15.957,29","1,60"
569,ALCALA - IQUITOS - RIOBAMBA,EL SALVADOR,208,SAN BLAS-CANILLEJAS,20,"15.367,03","1,54"
570,PARC. PAÃERIA,AMPOSTA,203,SAN BLAS-CANILLEJAS,20,"14.883,15","1,49"
571,PARC. MONTAMARTA,ARCOS,204,SAN BLAS-CANILLEJAS,20,"13.948,34","1,39"
572,PARC. ALBAIDA,HELLIN,202,SAN BLAS-CANILLEJAS,20,"19.209,47","1,92"
573,PARC. HELLIN,HELLIN,202,SAN BLAS-CANILLEJAS,20,"26.163,45","2,62"
574,PARQUE C/ FERNANDO VII,SIMANCAS,201,SAN BLAS-CANILLEJAS,20,"16.424,62","1,64"
575,PARC. APAREJADORES,ARCOS,204,SAN BLAS-CANILLEJAS,20,"27.009,08","2,70"
576,MARQUESA DE SANTA MARTA,EL SALVADOR,208,SAN BLAS-CANILLEJAS,20,"19.118,48","1,91"
577,POLÃGONO DE LAS MERCEDES,REJAS,206,SAN BLAS-CANILLEJAS,20,"32.070,48","3,21"
578,PARQUE LOPEZ DE ARANDA - MIAMI,EL SALVADOR,208,SAN BLAS-CANILLEJAS,20,"28.632,68","2,86"
579,PARQUE DE SAN BLAS - EL PARAISO,HELLIN,202,SAN BLAS-CANILLEJAS,20,"167.102,55","16,71"
580,Z.F. AVDA. SEPTIMA,REJAS,206,SAN BLAS-CANILLEJAS,20,"66.515,74","6,65"
581,CIUDAD PEGASO - Z.A.,REJAS,206,SAN BLAS-CANILLEJAS,20,"51.850,83","5,19"
582,Z.F. COL. MARQUES DE SUANCES,EL SALVADOR,208,SAN BLAS-CANILLEJAS,20,"48.612,18","4,86"
583,Z.V. GTA. EISENHOWER,REJAS,206,SAN BLAS-CANILLEJAS,20,"48.139,66","4,81"
584,PARQUE MARSELLA - TOSCANA,ROSAS,205,SAN BLAS-CANILLEJAS,20,"45.555,28","4,56"
585,PARQUE OCCIDENTE - LAS MERCEDES,REJAS,206,SAN BLAS-CANILLEJAS,20,"69.830,40","6,98"
586,CERRO DE LA MESA,REJAS,206,SAN BLAS-CANILLEJAS,20,"43.957,56","4,40"
587,PINARES DE LA C/ YECORA,REJAS,206,SAN BLAS-CANILLEJAS,20,"42.037,15","4,20"
588,A.V.C. SAN BLAS,ROSAS,205,SAN BLAS-CANILLEJAS,20,"40.845,10","4,08"
589,PÂº GINEBRA,ROSAS,205,SAN BLAS-CANILLEJAS,20,"37.780,15","3,78"
590,PINAR DE SAN BLAS (PARCELA 7.2),REJAS,206,SAN BLAS-CANILLEJAS,20,"34.875,12","3,49"
591,ARROYO DE REJAS,REJAS,206,SAN BLAS-CANILLEJAS,20,"44.378,26","4,44"
592,Z.V. SOFIA - NIZA,ROSAS,205,SAN BLAS-CANILLEJAS,20,"33.715,54","3,37"
593,ARROYO DEL TESORO,TIMON,215,BARAJAS,21,"16.656,31","1,67"
594,VIA DE LA GASOLINA,ALAMEDA DE OSUNA,211,BARAJAS,21,"16.446,62","1,64"
595,PARQUE PÂº ALAMEDA DE OSUNA - BIOSALUDABLE,ALAMEDA DE OSUNA,211,BARAJAS,21,"15.671,35","1,57"
596,MED. AVDA. LOGROÃO I,ALAMEDA DE OSUNA,211,BARAJAS,21,"13.945,94","1,39"
597,MEDS. CAMPO NACIONES,CORRALEJOS,216,BARAJAS,21,"13.567,12","1,36"
598,ANTOÃETE,TIMON,215,BARAJAS,21,"11.014,09","1,10"
599,Z.A. ENTRE C/ RIBERA DEL SENA Y LIMITE FFCC,CORRALEJOS,216,BARAJAS,21,"10.533,89","1,05"
600,APARCAMIENTO DEL CAPRICHO,ALAMEDA DE OSUNA,211,BARAJAS,21,"10.205,28","1,02"
601,Z.F. ARTEMISA,TIMON,215,BARAJAS,21,"9.947,23","0,99"
602,OBENQUE - MOTOCINE,ALAMEDA DE OSUNA,211,BARAJAS,21,"16.725,27","1,67"
603,ANTIGUA EMBAJADA REPUBLICA DOMINICANA,ALAMEDA DE OSUNA,211,BARAJAS,21,"12.797,49","1,28"
604,CONECTOR ESTANISLAO PEREZ PITA,TIMON,215,BARAJAS,21,"18.849,78","1,88"
605,Z.F. LOS CORONALES,CORRALEJOS,216,BARAJAS,21,"63.729,84","6,37"
606,MED. MANUEL FRAGA IRIBARNE,TIMON,215,BARAJAS,21,"20.557,10","2,06"
607,Z.F. MANUEL AGUILAR M. - PANTEON,ALAMEDA DE OSUNA,211,BARAJAS,21,"23.536,14","2,35"
608,CONECTOR FERNANDO HIGUERAS,TIMON,215,BARAJAS,21,"27.846,96","2,78"
609,FUERZAS ARMADAS,TIMON,215,BARAJAS,21,"45.968,68","4,60"
610,Z.A. LOS CORONALES,CORRALEJOS,216,BARAJAS,21,"47.446,13","4,74"
611,CONECTOR JOSE ANTONIO CORRALES,TIMON,215,BARAJAS,21,"55.128,08","5,51"
612,Z.F. ENSANCHE DE BARAJAS,TIMON,215,BARAJAS,21,"75.515,08","7,55"
613,ENSANCHE DE BARAJAS,TIMON,215,BARAJAS,21,"76.925,48","7,69"
614,ALEJANDRO DE LA SOTA,TIMON,215,BARAJAS,21,"88.416,74","8,84"
615,PARQUE BIOSALUDABLE,ALAMEDA DE OSUNA,211,BARAJAS,21,"97.424,75","9,74"
616,FORESTAL VIA FERREA,ALAMEDA DE OSUNA,211,BARAJAS,21,"9.476,87","0,95"
617,Z.A. ENTRE C/ RIBERA DEL SENA Y TALUD,CORRALEJOS,216,BARAJAS,21,"19.215,42","1,92"
618,PARQUE MARI LUZ NAJERA,ALAMEDA DE OSUNA,211,BARAJAS,21,"8.346,17","0,83"
